player,points_pros,date,player_team
William James Nunnally,13.5,2022-11-24,PAR
Zach Leday,12.5,2022-11-24,PAR
Alec Peters,13.5,2022-11-24,OLY
Isaiah Canaan,11.5,2022-11-24,OLY
Thomas Walkup,8.5,2022-11-24,OLY
Moustapha Fall,9.5,2022-11-24,OLY
Kostas Papanikolaou,8.5,2022-11-24,OLY
Nemanja Nedovic,13.5,2022-11-24,RED
Nicolo Melli,6.5,2022-11-24,MIL
Devon Hall,7.5,2022-11-24,MIL
Jordan Mickey,10.5,2022-12-02,VIR
Iffe Lundberg,14.5,2022-12-02,VIR
Ismael Bako,6.5,2022-12-02,VIR
Daniel Hackett,6.5,2022-12-02,VIR
Nigel Hayes,11.5,2022-12-02,ULK
Nick Calathes,9.5,2022-12-02,ULK
Sergio Llull,7.5,2022-12-02,MAD
Mario Hezonja,7.5,2022-12-02,MAD
Gabriel Deck,11.5,2022-12-02,MAD
Walter Tavares,11.5,2022-12-02,MAD
Keenan Evans,16.5,2022-12-02,ZAL
Rolands Smits,11.5,2022-12-02,ZAL
Edgaras Ulanovas,9.5,2022-12-02,ZAL
Georgios Papagiannis,8.5,2022-12-02,PAN
Mateusz Ponitka,11.5,2022-12-02,PAN
Dwayne Bacon,17.5,2022-12-02,PAN
Derrick Williams,13.5,2022-12-02,PAN
Augustine Rubit,8.5,2022-12-02,MUN
Andreas Obst,10.5,2022-12-02,MUN
Nick Weiler-Babb,6.5,2022-12-02,MUN
Roman Sorkin,7.5,2022-12-02,TEL
Josh Nebo,8.5,2022-12-02,TEL
Alex Poythress,8.5,2022-12-02,TEL
Rodrigue Beaubois,12.5,2022-12-23,IST
Will Clyburn,17.5,2022-12-23,IST
Vasilije Micic,18.5,2022-12-23,IST
Georgios Papagiannis,6.5,2022-12-23,PAN
Mateusz Ponitka,8.5,2022-12-23,PAN
Dwayne Bacon,18.5,2022-12-23,PAN
Derrick Williams,12.5,2022-12-23,PAN
Keenan Evans,15.5,2022-12-23,ZAL
Kevarrius Hayes,8.5,2022-12-23,ZAL
Torrian Walden,9.5,2022-12-23,MUN
Othello Hunter,7.5,2022-12-23,MUN
Brandon Davies,10.5,2022-12-23,MIL
Billy Baron,10.5,2022-12-23,MIL
Nicolo Melli,8.5,2022-12-23,MIL
Elie Okobo,11.5,2022-12-23,MCO
Alpha Diallo,9.5,2022-12-23,MCO
Mike James,18.5,2022-12-23,MCO
Donatas Motiejunas,9.5,2022-12-23,MCO
Chris Jones,14.5,2022-12-23,PAM
Bojan Dubljevic,13.5,2022-12-23,PAM
Cory Higgins,9.5,2022-12-23,BAR
Jan Vesely,8.5,2022-12-23,BAR
Nikola Kalinic,7.5,2022-12-23,BAR
Nicolas Laprovittola,13.5,2022-12-23,BAR
Nikola Mirotic,16.5,2022-12-23,BAR
Charles Kahudi,5.5,2023-01-11,ASV
Amine Noua,5.5,2023-01-11,ASV
Retin Obasohan,7.5,2023-01-11,ASV
Jonah Mathews,10.5,2023-01-11,ASV
Youssoupha Fall,8.5,2023-01-11,ASV
Cory Higgins,9.5,2023-01-11,BAR
Sertac Sanli,6.5,2023-01-11,BAR
Nicolas Laprovittola,13.5,2023-01-11,BAR
Nikola Mirotic,14.5,2023-01-11,BAR
Roman Sorkin,7.5,2023-01-11,TEL
Lorenzo Brown,17.5,2023-01-11,TEL
Bonzie Colson,8.5,2023-01-11,TEL
Danilo Andusic,7.5,2023-01-11,PAR
Ioannis Papapetrou,5.5,2023-01-11,PAR
William James Nunnally,9.5,2023-01-11,PAR
Zach Leday,9.5,2023-01-11,PAR
Mathias Lessort,12.5,2023-01-11,PAR
Yam Madar,7.5,2023-01-11,PAR
Kevin Punter,13.5,2023-01-11,PAR
Jalen Adams,8.5,2023-01-11,TEL
Xabi Lopez-Arostegui,7.5,2023-01-11,PAM
Klemen Prepelic,7.5,2023-01-11,PAM
Bojan Dubljevic,15.5,2023-01-11,PAM
Rodrigue Beaubois,12.5,2023-01-11,IST
Amath M'Baye,6.5,2023-01-11,IST
Ante Zizic,6.5,2023-01-11,IST
Will Clyburn,18.5,2023-01-11,IST
Vasilije Micic,18.5,2023-01-11,IST
Charles Kahudi,6.5,2023-01-13,ASV
Nando Colo De,13.5,2023-01-13,ASV
Retin Obasohan,7.5,2023-01-13,ASV
Jonah Mathews,10.5,2023-01-13,ASV
Youssoupha Fall,9.5,2023-01-13,ASV
James Iii Webb,10.5,2023-01-13,PAM
Jonah Radebaugh,9.5,2023-01-13,PAM
Bojan Dubljevic,13.5,2023-01-13,PAM
Georgios Papagiannis,7.5,2023-01-13,PAN
Dwayne Bacon,20.5,2023-01-13,PAN
Paris Lee,7.5,2023-01-13,PAN
Derrick Williams,13.5,2023-01-13,PAN
Arturas Gudaitis,7.5,2023-01-13,PAN
Roman Sorkin,6.5,2023-01-13,TEL
Lorenzo Brown,18.5,2023-01-13,TEL
Bonzie Colson,8.5,2023-01-13,TEL
Josh Nebo,9.5,2023-01-13,TEL
Jarell Martin,7.5,2023-01-13,TEL
Mateusz Ponitka,8.5,2023-01-13,PAN
Cory Higgins,9.5,2023-01-13,BAR
Jan Vesely,9.5,2023-01-13,BAR
Nikola Kalinic,7.5,2023-01-13,BAR
Nicolas Laprovittola,12.5,2023-01-13,BAR
Nikola Mirotic,15.5,2023-01-13,BAR
Rodrigue Beaubois,9.5,2023-01-13,IST
Shane Larkin,11.5,2023-01-13,IST
Will Clyburn,16.5,2023-01-13,IST
Vasilije Micic,16.5,2023-01-13,IST
Brandon Davies,12.5,2023-01-13,MIL
Billy Baron,12.5,2023-01-13,MIL
Nicolo Melli,8.5,2023-01-13,MIL
Devon Hall,8.5,2023-01-13,MIL
Ignas Brazdeikis,10.5,2023-01-13,ZAL
Rolands Smits,10.5,2023-01-13,ZAL
Edgaras Ulanovas,11.5,2023-01-13,ZAL
Danilo Andusic,7.5,2023-01-13,PAR
Ioannis Papapetrou,5.5,2023-01-13,PAR
Zach Leday,11.5,2023-01-13,PAR
Mathias Lessort,12.5,2023-01-13,PAR
Yam Madar,6.5,2023-01-13,PAR
Kevin Punter,14.5,2023-01-13,PAR
Darius Thompson,10.5,2023-01-13,BAS
Matthew Costello,9.5,2023-01-13,BAS
Rokas Giedraitis,9.5,2023-01-13,BAS
Rodrigue Beaubois,9.5,2023-02-01,IST
Shane Larkin,13.5,2023-02-01,IST
Will Clyburn,16.5,2023-02-01,IST
Elijah Bryant,6.5,2023-02-01,IST
Vasilije Micic,17.5,2023-02-01,IST
Lukas Lekavicius,8.5,2023-02-01,ZAL
Ignas Brazdeikis,10.5,2023-02-01,ZAL
Rolands Smits,11.5,2023-02-01,ZAL
Tamir Blatt,10.5,2023-02-01,BER
Yovel Zoosman,6.5,2023-02-01,BER
Jaleen Smith,13.5,2023-02-01,BER
Louis Olinde,8.5,2023-02-01,BER
Luke Sikma,7.5,2023-02-01,BER
Elie Okobo,10.5,2023-02-01,MCO
Jordan Loyd,9.5,2023-02-01,MCO
Alpha Diallo,10.5,2023-02-01,MCO
Mike James,18.5,2023-02-01,MCO
Donatas Motiejunas,7.5,2023-02-01,MCO
Sergio Llull,6.5,2023-02-01,MAD
Dzanan Musa,15.5,2023-02-01,MAD
Mario Hezonja,8.5,2023-02-01,MAD
Gabriel Deck,11.5,2023-02-01,MAD
Guerschon Yabusele,8.5,2023-02-01,MAD
Georgios Papagiannis,7.5,2023-02-01,PAN
Dwayne Bacon,18.5,2023-02-01,PAN
Paris Lee,9.5,2023-02-01,PAN
Derrick Williams,12.5,2023-02-01,PAN
Arturas Gudaitis,5.5,2023-02-01,PAN
Nick Calathes,8.5,2023-02-03,ULK
Scottie Wilbekin,12.5,2023-02-03,ULK
Johnathan Motley,14.5,2023-02-03,ULK
Marko Guduric,11.5,2023-02-03,ULK
Tamir Blatt,8.5,2023-02-03,BER
Jaleen Smith,12.5,2023-02-03,BER
Louis Olinde,7.5,2023-02-03,BER
Luke Sikma,7.5,2023-02-03,BER
Nigel Hayes,8.5,2023-02-03,ULK
Carsen Edwards,7.5,2023-02-03,ULK
Elie Okobo,11.5,2023-02-03,MCO
Jordan Loyd,10.5,2023-02-03,MCO
Alpha Diallo,9.5,2023-02-03,MCO
Mike James,18.5,2023-02-03,MCO
Donatas Motiejunas,8.5,2023-02-03,MCO
Sergio Llull,6.5,2023-02-03,MAD
Dzanan Musa,14.5,2023-02-03,MAD
Mario Hezonja,8.5,2023-02-03,MAD
Gabriel Deck,10.5,2023-02-03,MAD
Guerschon Yabusele,9.5,2023-02-03,MAD
Walter Tavares,11.5,2023-02-03,MAD
Ignas Brazdeikis,11.5,2023-02-03,ZAL
Rolands Smits,10.5,2023-02-03,ZAL
Edgaras Ulanovas,12.5,2023-02-03,ZAL
Ioannis Papapetrou,5.5,2023-02-03,PAR
William James Nunnally,7.5,2023-02-03,PAR
Zach Leday,10.5,2023-02-03,PAR
Mathias Lessort,12.5,2023-02-03,PAR
Kevin Punter,14.5,2023-02-03,PAR
Isaiah Canaan,8.5,2023-02-03,OLY
Thomas Walkup,9.5,2023-02-03,OLY
Shaquielle Mckissic,9.5,2023-02-03,OLY
Kostas Papanikolaou,8.5,2023-02-03,OLY
Sasha Vezenkov,18.5,2023-02-03,OLY
Rodrigue Beaubois,9.5,2023-02-03,IST
Shane Larkin,13.5,2023-02-03,IST
Will Clyburn,15.5,2023-02-03,IST
Vasilije Micic,15.5,2023-02-03,IST
Darius Thompson,13.5,2023-02-03,BAS
Vanja Marinkovic,7.5,2023-02-03,BAS
Steven Enoch,7.5,2023-02-03,BAS
Matthew Costello,9.5,2023-02-03,BAS
Rokas Giedraitis,10.5,2023-02-03,BAS
Georgios Papagiannis,7.5,2023-02-03,PAN
Dwayne Bacon,17.5,2023-02-03,PAN
Paris Lee,10.5,2023-02-03,PAN
Derrick Williams,11.5,2023-02-03,PAN
Nando Colo De,14.5,2023-02-03,ASV
Jonah Mathews,9.5,2023-02-03,ASV
Youssoupha Fall,9.5,2023-02-03,ASV
Ismael Bako,8.5,2023-02-03,VIR
Tornike Shengelia,12.5,2023-02-03,VIR
Mam Jaiteh,9.5,2023-02-03,VIR
Kyle Weems,8.5,2023-02-03,VIR
Tamir Blatt,9.5,2023-02-08,BER
Jaleen Smith,12.5,2023-02-08,BER
Louis Olinde,7.5,2023-02-08,BER
Thomas Walkup,8.5,2023-02-08,OLY
Shaquielle Mckissic,9.5,2023-02-08,OLY
Kostas Papanikolaou,7.5,2023-02-08,OLY
Sasha Vezenkov,19.5,2023-02-08,OLY
Ognjen Dobric,9.5,2023-02-24,RED
Luca Vildoza,14.5,2023-02-24,RED
Benjamin Bentil,6.5,2023-02-24,RED
Nemanja Nedovic,15.5,2023-02-24,RED
Filip Petrusev,10.5,2023-02-24,RED
Jaleen Smith,11.5,2023-02-24,BER
Maodo Lo,10.5,2023-02-24,BER
Louis Olinde,8.5,2023-02-24,BER
Luke Sikma,7.5,2023-02-24,BER
Demarquis Bost,9.5,2023-02-24,ASV
Nando Colo De,14.5,2023-02-24,ASV
Youssoupha Fall,8.5,2023-02-24,ASV
Rodrigue Beaubois,11.5,2023-02-24,IST
Shane Larkin,14.5,2023-02-24,IST
Will Clyburn,17.5,2023-02-24,IST
Elijah Bryant,7.5,2023-02-24,IST
Jared Harper,9.5,2023-02-24,PAM
Xabi Lopez-Arostegui,6.5,2023-02-24,PAM
Thomas Walkup,7.5,2023-02-24,OLY
Moustapha Fall,7.5,2023-02-24,OLY
Kostas Sloukas,10.5,2023-02-24,OLY
Kostas Papanikolaou,8.5,2023-02-24,OLY
Sasha Vezenkov,18.5,2023-02-24,OLY
Tornike Shengelia,11.5,2023-02-24,VIR
Mam Jaiteh,8.5,2023-02-24,VIR
Milos Teodosic,11.5,2023-02-24,VIR
Markus Howard,15.5,2023-02-24,BAS
Darius Thompson,10.5,2023-02-24,BAS
Vanja Marinkovic,6.5,2023-02-24,BAS
Matthew Costello,10.5,2023-02-24,BAS
Rokas Giedraitis,8.5,2023-02-24,BAS
Cory Higgins,9.5,2023-02-24,BAR
Tomas Satoransky,8.5,2023-02-24,BAR
Nicolas Laprovittola,9.5,2023-02-24,BAR
Nikola Mirotic,14.5,2023-02-24,BAR
Elie Okobo,10.5,2023-02-24,MCO
Jordan Loyd,9.5,2023-02-24,MCO
Mike James,17.5,2023-02-24,MCO
Nigel Hayes,7.5,2023-03-03,ULK
Nick Calathes,7.5,2023-03-03,ULK
Johnathan Motley,14.5,2023-03-03,ULK
Marko Guduric,12.5,2023-03-03,ULK
Tornike Shengelia,11.5,2023-03-03,VIR
Mam Jaiteh,8.5,2023-03-03,VIR
Marco Belinelli,12.5,2023-03-03,VIR
Milos Teodosic,11.5,2023-03-03,VIR
Charles Kahudi,6.5,2023-03-03,ASV
Demarquis Bost,9.5,2023-03-03,ASV
Nando Colo De,14.5,2023-03-03,ASV
Jonah Mathews,8.5,2023-03-03,ASV
Dzanan Musa,16.5,2023-03-03,MAD
Mario Hezonja,11.5,2023-03-03,MAD
Gabriel Deck,13.5,2023-03-03,MAD
Nigel Williams-Goss,8.5,2023-03-03,MAD
Walter Tavares,12.5,2023-03-03,MAD
Youssoupha Fall,8.5,2023-03-03,ASV
Brandon Davies,11.5,2023-03-03,MIL
Billy Baron,11.5,2023-03-03,MIL
Timothe Luwawu-Cabarrot,8.5,2023-03-03,MIL
Thomas Walkup,7.5,2023-03-03,OLY
Moustapha Fall,7.5,2023-03-03,OLY
Kostas Sloukas,10.5,2023-03-03,OLY
Kostas Papanikolaou,8.5,2023-03-03,OLY
Sasha Vezenkov,18.5,2023-03-03,OLY
Markus Howard,16.5,2023-03-03,BAS
Darius Thompson,11.5,2023-03-03,BAS
Matthew Costello,10.5,2023-03-03,BAS
Rokas Giedraitis,10.5,2023-03-03,BAS
Jared Harper,9.5,2023-03-03,PAM
Chris Jones,14.5,2023-03-03,PAM
Jasiel Rivero,10.5,2023-03-03,PAM
Klemen Prepelic,8.5,2023-03-03,PAM
Bojan Dubljevic,11.5,2023-03-03,PAM
Rodrigue Beaubois,12.5,2023-03-10,IST
Amath M'Baye,8.5,2023-03-10,IST
Ante Zizic,11.5,2023-03-10,IST
Will Clyburn,19.5,2023-03-10,IST
Elijah Bryant,8.5,2023-03-10,IST
Tibor Pleiss,5.5,2023-03-10,IST
Roman Sorkin,7.5,2023-03-10,TEL
Lorenzo Brown,16.5,2023-03-10,TEL
Bonzie Colson,11.5,2023-03-10,TEL
Wade Iv Baldwin,15.5,2023-03-10,TEL
Jarell Martin,8.5,2023-03-10,TEL
Nigel Hayes,8.5,2023-03-10,ULK
Nick Calathes,7.5,2023-03-10,ULK
Scottie Wilbekin,12.5,2023-03-10,ULK
Johnathan Motley,13.5,2023-03-10,ULK
Marko Guduric,11.5,2023-03-10,ULK
Cory Higgins,9.5,2023-03-10,BAR
Jan Vesely,8.5,2023-03-10,BAR
Tomas Satoransky,7.5,2023-03-10,BAR
Nikola Kalinic,6.5,2023-03-10,BAR
Nicolas Laprovittola,12.5,2023-03-10,BAR
Nikola Mirotic,15.5,2023-03-10,BAR
Georgios Papagiannis,9.5,2023-03-10,PAN
Mateusz Ponitka,8.5,2023-03-10,PAN
Paris Lee,12.5,2023-03-10,PAN
Derrick Williams,10.5,2023-03-10,PAN
Benjamin Bentil,6.5,2023-03-10,RED
Facundo Campazzo,13.5,2023-03-10,RED
Darius Thompson,11.5,2023-03-10,BAS
Matthew Costello,11.5,2023-03-10,BAS
Rokas Giedraitis,10.5,2023-03-10,BAS
Elie Okobo,11.5,2023-03-10,MCO
Jordan Loyd,11.5,2023-03-10,MCO
Alpha Diallo,11.5,2023-03-10,MCO
Amath M'Baye,7.5,2023-03-16,IST
Will Clyburn,16.5,2023-03-16,IST
Elijah Bryant,9.5,2023-03-16,IST
Vasilije Micic,13.5,2023-03-16,IST
William James Nunnally,8.5,2023-03-16,PAR
Zach Leday,9.5,2023-03-16,PAR
Mathias Lessort,11.5,2023-03-16,PAR
Alen Smailagic,5.5,2023-03-16,PAR
Kevin Punter,15.5,2023-03-16,PAR
Jordan Loyd,15.5,2023-03-16,MCO
Alpha Diallo,12.5,2023-03-16,MCO
Donatas Motiejunas,7.5,2023-03-16,MCO
Achille Polonara,6.5,2023-03-16,ZAL
Ignas Brazdeikis,11.5,2023-03-16,ZAL
Rolands Smits,9.5,2023-03-16,ZAL
Edgaras Ulanovas,9.5,2023-03-16,ZAL
Isaiah Canaan,6.5,2023-03-16,OLY
Thomas Walkup,9.5,2023-03-16,OLY
Moustapha Fall,6.5,2023-03-16,OLY
Shaquielle Mckissic,8.5,2023-03-16,OLY
Giannoulis Larentzakis,8.5,2023-03-16,OLY
Kostas Papanikolaou,9.5,2023-03-16,OLY
Sasha Vezenkov,18.5,2023-03-16,OLY
Lorenzo Brown,16.5,2023-03-16,TEL
Bonzie Colson,11.5,2023-03-16,TEL
Josh Nebo,6.5,2023-03-16,TEL
Wade Iv Baldwin,16.5,2023-03-16,TEL
Markus Howard,13.5,2023-03-16,BAS
Darius Thompson,12.5,2023-03-16,BAS
Vanja Marinkovic,7.5,2023-03-16,BAS
Steven Enoch,5.5,2023-03-16,BAS
Matthew Costello,9.5,2023-03-16,BAS
Rokas Giedraitis,9.5,2023-03-16,BAS
Jared Harper,9.5,2023-03-16,PAM
Chris Jones,14.5,2023-03-16,PAM
Xabi Lopez-Arostegui,5.5,2023-03-16,PAM
Bojan Dubljevic,10.5,2023-03-16,PAM
Nigel Hayes,9.5,2023-03-16,ULK
Nick Calathes,8.5,2023-03-16,ULK
Scottie Wilbekin,11.5,2023-03-16,ULK
Johnathan Motley,13.5,2023-03-16,ULK
Marko Guduric,12.5,2023-03-16,ULK
Dzanan Musa,14.5,2023-03-16,MAD
Mario Hezonja,8.5,2023-03-16,MAD
Vincent Poirier,5.5,2023-03-16,MAD
Gabriel Deck,11.5,2023-03-16,MAD
Guerschon Yabusele,7.5,2023-03-16,MAD
Walter Tavares,11.5,2023-03-16,MAD
Kevin Pangos,9.5,2023-03-16,MIL
Brandon Davies,9.5,2023-03-16,MIL
Billy Baron,10.5,2023-03-16,MIL
Nicolo Melli,8.5,2023-03-16,MIL
Kyle Hines,5.5,2023-03-16,MIL
Demarquis Bost,9.5,2023-03-16,ASV
Nando Colo De,13.5,2023-03-16,ASV
Retin Obasohan,6.5,2023-03-16,ASV
Jonah Mathews,9.5,2023-03-16,ASV
Youssoupha Fall,10.5,2023-03-16,ASV
David Lighty,6.5,2023-03-16,ASV
Georgios Papagiannis,8.5,2023-03-16,PAN
Mateusz Ponitka,8.5,2023-03-16,PAN
Dwayne Bacon,12.5,2023-03-16,PAN
Paris Lee,11.5,2023-03-16,PAN
Marius Grigonis,7.5,2023-03-16,PAN
Jan Vesely,8.5,2023-03-17,BAR
Nikola Kalinic,7.5,2023-03-17,BAR
Nicolas Laprovittola,11.5,2023-03-17,BAR
Nikola Mirotic,16.5,2023-03-17,BAR
Luca Vildoza,12.5,2023-03-17,RED
Benjamin Bentil,7.5,2023-03-17,RED
Facundo Campazzo,14.5,2023-03-17,RED
Cassius Winston,11.5,2023-03-17,MUN
Isaac Bonga,7.5,2023-03-17,MUN
Louis Olinde,9.5,2023-03-17,BER
Luke Sikma,8.5,2023-03-17,BER
Nick Calathes,7.5,2023-03-21,ULK
Scottie Wilbekin,11.5,2023-03-21,ULK
Johnathan Motley,13.5,2023-03-21,ULK
Marko Guduric,12.5,2023-03-21,ULK
Brandon Davies,9.5,2023-03-21,MIL
Billy Baron,12.5,2023-03-21,MIL
Timothe Luwawu-Cabarrot,7.5,2023-03-21,MIL
Nicolo Melli,8.5,2023-03-21,MIL
Nigel Hayes,8.5,2023-03-24,ULK
Carsen Edwards,9.5,2023-03-24,ULK
Nick Calathes,7.5,2023-03-24,ULK
Johnathan Motley,15.5,2023-03-24,ULK
Marko Guduric,14.5,2023-03-24,ULK
Lukas Lekavicius,7.5,2023-03-24,ZAL
Ignas Brazdeikis,11.5,2023-03-24,ZAL
Rolands Smits,9.5,2023-03-24,ZAL
Edgaras Ulanovas,9.5,2023-03-24,ZAL
Elie Okobo,14.5,2023-03-24,MCO
Jordan Loyd,14.5,2023-03-24,MCO
Alpha Diallo,13.5,2023-03-24,MCO
Jared Harper,10.5,2023-03-24,PAM
Chris Jones,14.5,2023-03-24,PAM
Xabi Lopez-Arostegui,5.5,2023-03-24,PAM
Bojan Dubljevic,10.5,2023-03-24,PAM
Jordan Mickey,8.5,2023-03-24,VIR
Tornike Shengelia,10.5,2023-03-24,VIR
Mam Jaiteh,8.5,2023-03-24,VIR
Kyle Weems,6.5,2023-03-24,VIR
Dzanan Musa,14.5,2023-03-24,MAD
Mario Hezonja,8.5,2023-03-24,MAD
Guerschon Yabusele,8.5,2023-03-24,MAD
Walter Tavares,11.5,2023-03-24,MAD
Ioannis Papapetrou,6.5,2023-03-24,PAR
Zach Leday,11.5,2023-03-24,PAR
Mathias Lessort,12.5,2023-03-24,PAR
Yam Madar,5.5,2023-03-24,PAR
Kevin Punter,14.5,2023-03-24,PAR
Shaquielle Mckissic,9.5,2023-03-24,OLY
Kostas Sloukas,9.5,2023-03-24,OLY
Sasha Vezenkov,18.5,2023-03-24,OLY
Brandon Davies,10.5,2023-03-24,MIL
Billy Baron,11.5,2023-03-24,MIL
Nicolo Melli,8.5,2023-03-24,MIL
Torrian Walden,7.5,2023-03-24,MUN
Andreas Obst,8.5,2023-03-24,MUN
Nick Weiler-Babb,7.5,2023-03-24,MUN
Vladimir Lucic,8.5,2023-03-24,MUN
Rolands Smits,10.5,2023-03-31,ZAL
Kevarrius Hayes,6.5,2023-03-31,ZAL
Edgaras Ulanovas,10.5,2023-03-31,ZAL
Jared Harper,9.5,2023-03-31,PAM
Jasiel Rivero,8.5,2023-03-31,PAM
Xabi Lopez-Arostegui,6.5,2023-03-31,PAM
Niels Giffey,7.5,2023-03-31,MUN
Torrian Walden,8.5,2023-03-31,MUN
Andreas Obst,10.5,2023-03-31,MUN
Vladimir Lucic,7.5,2023-03-31,MUN
Elie Okobo,11.5,2023-03-31,MCO
Jordan Loyd,12.5,2023-03-31,MCO
Alpha Diallo,10.5,2023-03-31,MCO
Mike James,13.5,2023-03-31,MCO
Donatas Motiejunas,8.5,2023-03-31,MCO
Thomas Walkup,7.5,2023-03-31,OLY
Shaquielle Mckissic,10.5,2023-03-31,OLY
Kostas Sloukas,9.5,2023-03-31,OLY
Kostas Papanikolaou,8.5,2023-03-31,OLY
Sasha Vezenkov,17.5,2023-03-31,OLY
Georgios Papagiannis,10.5,2023-03-31,PAN
Dwayne Bacon,12.5,2023-03-31,PAN
Paris Lee,10.5,2023-03-31,PAN
Derrick Williams,10.5,2023-03-31,PAN
Marius Grigonis,9.5,2023-03-31,PAN
Ioannis Papapetrou,6.5,2023-03-31,PAR
William James Nunnally,9.5,2023-03-31,PAR
Mathias Lessort,11.5,2023-03-31,PAR
Yam Madar,5.5,2023-03-31,PAR
Mario Hezonja,8.5,2023-03-31,MAD
Gabriel Deck,11.5,2023-03-31,MAD
Walter Tavares,11.5,2023-03-31,MAD
Markus Howard,14.5,2023-03-31,BAS
Darius Thompson,14.5,2023-03-31,BAS
Matthew Costello,9.5,2023-03-31,BAS
Rokas Giedraitis,10.5,2023-03-31,BAS
Tyler Dorsey,9.5,2023-03-31,ULK
Nigel Hayes,9.5,2023-03-31,ULK
Nick Calathes,8.5,2023-03-31,ULK
Marko Guduric,12.5,2023-03-31,ULK
Retin Obasohan,6.5,2023-03-31,ASV
Youssoupha Fall,9.5,2023-03-31,ASV
Luca Vildoza,11.5,2023-03-31,RED
Benjamin Bentil,7.5,2023-03-31,RED
Filip Petrusev,10.5,2023-03-31,RED
Facundo Campazzo,15.5,2023-03-31,RED
Georgios Papagiannis,10.5,2023-04-07,PAN
Dwayne Bacon,14.5,2023-04-07,PAN
Paris Lee,11.5,2023-04-07,PAN
Derrick Williams,10.5,2023-04-07,PAN
Marius Grigonis,10.5,2023-04-07,PAN
Jaleen Smith,11.5,2023-04-07,BER
Maodo Lo,12.5,2023-04-07,BER
Louis Olinde,7.5,2023-04-07,BER
Luke Sikma,7.5,2023-04-07,BER
Kevin Pangos,7.5,2023-04-07,MIL
Billy Baron,8.5,2023-04-07,MIL
Nicolo Melli,7.5,2023-04-07,MIL
Shavon Shields,8.5,2023-04-07,MIL
Cory Higgins,7.5,2023-04-07,BAR
Jan Vesely,9.5,2023-04-07,BAR
Tomas Satoransky,8.5,2023-04-07,BAR
Nicolas Laprovittola,9.5,2023-04-07,BAR
Nikola Mirotic,16.5,2023-04-07,BAR
Elie Okobo,11.5,2023-04-07,MCO
Alpha Diallo,10.5,2023-04-07,MCO
Mike James,16.5,2023-04-07,MCO
Donatas Motiejunas,9.5,2023-04-07,MCO
William James Nunnally,10.5,2023-04-07,PAR
Zach Leday,10.5,2023-04-07,PAR
Mathias Lessort,12.5,2023-04-07,PAR
Alen Smailagic,5.5,2023-04-07,PAR
Yam Madar,5.5,2023-04-07,PAR
Aleksa Avramovic,5.5,2023-04-07,PAR
Kevin Punter,15.5,2023-04-07,PAR
Rodrigue Beaubois,9.5,2023-04-14,IST
Amath M'Baye,6.5,2023-04-14,IST
Will Clyburn,16.5,2023-04-14,IST
Elijah Bryant,9.5,2023-04-14,IST
Elie Okobo,12.5,2023-04-14,MCO
Mike James,16.5,2023-04-14,MCO
Donatas Motiejunas,8.5,2023-04-14,MCO
Torrian Walden,7.5,2023-04-14,MUN
Andreas Obst,9.5,2023-04-14,MUN
Nick Weiler-Babb,7.5,2023-04-14,MUN
Vladimir Lucic,7.5,2023-04-14,MUN
Achille Polonara,6.5,2023-04-14,ZAL
Ignas Brazdeikis,12.5,2023-04-14,ZAL
Rolands Smits,10.5,2023-04-14,ZAL
Isaiah Taylor,11.5,2023-04-14,ZAL
Edgaras Ulanovas,8.5,2023-04-14,ZAL
Ioannis Papapetrou,5.5,2023-04-14,PAR
William James Nunnally,9.5,2023-04-14,PAR
Zach Leday,10.5,2023-04-14,PAR
Mathias Lessort,11.5,2023-04-14,PAR
Yam Madar,4.5,2023-04-14,PAR
Kevin Punter,15.5,2023-04-14,PAR
Cory Higgins,8.5,2023-04-14,BAR
Jan Vesely,8.5,2023-04-14,BAR
Tomas Satoransky,8.5,2023-04-14,BAR
Nicolas Laprovittola,9.5,2023-04-14,BAR
Nikola Mirotic,15.5,2023-04-14,BAR
Jared Harper,8.5,2023-04-14,PAM
Chris Jones,11.5,2023-04-14,PAM
Jasiel Rivero,8.5,2023-04-14,PAM
Bojan Dubljevic,9.5,2023-04-14,PAM
Georgios Papagiannis,9.5,2023-04-14,PAN
Dwayne Bacon,13.5,2023-04-14,PAN
Jan Vesely,9.5,2023-04-26,BAR
Tomas Satoransky,9.5,2023-04-26,BAR
Nikola Kalinic,7.5,2023-04-26,BAR
Sertac Sanli,5.5,2023-04-26,BAR
Rokas Jokubaitis,5.5,2023-04-26,BAR
Nicolas Laprovittola,11.5,2023-04-26,BAR
Nikola Mirotic,16.5,2023-04-26,BAR
Achille Polonara,5.5,2023-04-26,ZAL
Ignas Brazdeikis,11.5,2023-04-26,ZAL
Rolands Smits,10.5,2023-04-26,ZAL
Edgaras Ulanovas,9.5,2023-04-26,ZAL
Moustapha Fall,7.5,2023-04-26,OLY
Shaquielle Mckissic,9.5,2023-04-26,OLY
Kostas Sloukas,11.5,2023-04-26,OLY
Kostas Papanikolaou,9.5,2023-04-26,OLY
Tyler Dorsey,10.5,2023-04-26,ULK
Nigel Hayes,11.5,2023-04-26,ULK
Nick Calathes,8.5,2023-04-26,ULK
Johnathan Motley,13.5,2023-04-26,ULK
Marko Guduric,10.5,2023-04-26,ULK
Jan Vesely,8.5,2023-04-28,BAR
Tomas Satoransky,8.5,2023-04-28,BAR
Rokas Jokubaitis,5.5,2023-04-28,BAR
Nicolas Laprovittola,10.5,2023-04-28,BAR
Nikola Mirotic,16.5,2023-04-28,BAR
Alex Abrines,7.5,2023-04-28,BAR
Lukas Lekavicius,6.5,2023-04-28,ZAL
Achille Polonara,5.5,2023-04-28,ZAL
Ignas Brazdeikis,12.5,2023-04-28,ZAL
Rolands Smits,9.5,2023-04-28,ZAL
Edgaras Ulanovas,8.5,2023-04-28,ZAL
Isaiah Canaan,6.5,2023-04-28,OLY
Thomas Walkup,8.5,2023-04-28,OLY
Moustapha Fall,7.5,2023-04-28,OLY
Shaquielle Mckissic,8.5,2023-04-28,OLY
Kostas Sloukas,10.5,2023-04-28,OLY
Sasha Vezenkov,18.5,2023-04-28,OLY
Nigel Hayes,11.5,2023-04-28,ULK
Nick Calathes,8.5,2023-04-28,ULK
Marko Guduric,11.5,2023-04-28,ULK
Lukas Lekavicius,6.5,2023-05-03,ZAL
Achille Polonara,5.5,2023-05-03,ZAL
Ignas Brazdeikis,12.5,2023-05-03,ZAL
Rolands Smits,10.5,2023-05-03,ZAL
Isaiah Taylor,7.5,2023-05-03,ZAL
Edgaras Ulanovas,9.5,2023-05-03,ZAL
Jan Vesely,9.5,2023-05-03,BAR
Tomas Satoransky,8.5,2023-05-03,BAR
Nikola Kalinic,6.5,2023-05-03,BAR
Sertac Sanli,6.5,2023-05-03,BAR
Rokas Jokubaitis,5.5,2023-05-03,BAR
Nicolas Laprovittola,9.5,2023-05-03,BAR
Kyle Kuric,5.5,2023-05-03,BAR
Nikola Mirotic,16.5,2023-05-03,BAR
Tyler Dorsey,8.5,2023-05-03,ULK
Nick Calathes,7.5,2023-05-03,ULK
Johnathan Motley,14.5,2023-05-03,ULK
Marko Guduric,10.5,2023-05-03,ULK
Thomas Walkup,7.5,2023-05-03,OLY
Moustapha Fall,6.5,2023-05-03,OLY
Shaquielle Mckissic,7.5,2023-05-03,OLY
Kostas Sloukas,10.5,2023-05-03,OLY
Kostas Papanikolaou,7.5,2023-05-03,OLY
Sasha Vezenkov,18.5,2023-05-03,OLY
Tyler Dorsey,10.5,2023-05-05,ULK
Nigel Hayes,10.5,2023-05-05,ULK
Johnathan Motley,13.5,2023-05-05,ULK
Marko Guduric,10.5,2023-05-05,ULK
Thomas Walkup,7.5,2023-05-05,OLY
Moustapha Fall,7.5,2023-05-05,OLY
Kostas Sloukas,12.5,2023-05-05,OLY
Kostas Papanikolaou,7.5,2023-05-05,OLY
Sasha Vezenkov,18.5,2023-05-05,OLY
Elie Okobo,11.5,2023-05-10,MCO
Jordan Loyd,11.5,2023-05-10,MCO
Alpha Diallo,9.5,2023-05-10,MCO
Mike James,16.5,2023-05-10,MCO
Donatas Motiejunas,8.5,2023-05-10,MCO
Bonzie Colson,10.5,2023-05-10,TEL
Josh Nebo,7.5,2023-05-10,TEL
Wade Iv Baldwin,16.5,2023-05-10,TEL
Jarell Martin,5.5,2023-05-10,TEL
Rudy Fernandez,5.5,2023-05-10,MAD
Dzanan Musa,13.5,2023-05-10,MAD
Nigel Williams-Goss,7.5,2023-05-10,MAD
Walter Tavares,13.5,2023-05-10,MAD
Ioannis Papapetrou,5.5,2023-05-10,PAR
William James Nunnally,9.5,2023-05-10,PAR
Zach Leday,13.5,2023-05-10,PAR
Mathias Lessort,10.5,2023-05-10,PAR
Alen Smailagic,5.5,2023-05-10,PAR
Yam Madar,5.5,2023-05-10,PAR
Thomas Walkup,7.5,2023-05-19,OLY
Moustapha Fall,7.5,2023-05-19,OLY
Shaquielle Mckissic,8.5,2023-05-19,OLY
Kostas Sloukas,12.5,2023-05-19,OLY
Kostas Papanikolaou,7.5,2023-05-19,OLY
Elie Okobo,10.5,2023-05-19,MCO
Jordan Loyd,12.5,2023-05-19,MCO
Alpha Diallo,9.5,2023-05-19,MCO
Mike James,17.5,2023-05-19,MCO
Donatas Motiejunas,8.5,2023-05-19,MCO
Isaiah Canaan,6.5,2023-05-19,OLY
John Brown,5.5,2023-05-19,MCO
Jan Vesely,9.5,2023-05-19,BAR
Tomas Satoransky,8.5,2023-05-19,BAR
Nikola Kalinic,6.5,2023-05-19,BAR
Nicolas Laprovittola,10.5,2023-05-19,BAR
Nikola Mirotic,17.5,2023-05-19,BAR
Alex Abrines,7.5,2023-05-19,BAR
Sergio Llull,5.5,2023-05-19,MAD
Dzanan Musa,15.5,2023-05-19,MAD
Mario Hezonja,12.5,2023-05-19,MAD
Walter Tavares,13.5,2023-05-19,MAD
Sertac Sanli,5.5,2023-05-19,BAR
Rokas Jokubaitis,4.5,2023-05-19,BAR
Adam Hanga,5.5,2023-05-19,MAD
Shaquielle Mckissic,8.5,2023-05-21,OLY
Kostas Sloukas,11.5,2023-05-21,OLY
Kostas Papanikolaou,9.5,2023-05-21,OLY
Sergio Llull,5.5,2023-05-21,MAD
Dzanan Musa,12.5,2023-05-21,MAD
Sergio Rodriguez,5.5,2023-05-21,MAD
Mario Hezonja,12.5,2023-05-21,MAD
Nigel Williams-Goss,8.5,2023-05-21,MAD
Walter Tavares,14.5,2023-05-21,MAD
Shane Larkin,14.5,2023-10-12,IST
Ante Zizic,8.5,2023-10-12,IST
Will Clyburn,14.5,2023-10-12,IST
Facundo Campazzo,13.5,2023-10-12,MAD
Sergio Llull,7.5,2023-10-12,MAD
Dzanan Musa,14.5,2023-10-12,MAD
Mario Hezonja,9.5,2023-10-12,MAD
Guerschon Yabusele,11.5,2023-10-12,MAD
Rodrigue Beaubois,9.5,2023-10-12,IST
Vincent Poirier,7.5,2023-10-12,MAD
Louis Olinde,9.5,2023-10-12,BER
Tadas Sedekerskis,6.5,2023-10-12,BAS
Chima Moneke,11.5,2023-10-12,BAS
Markus Howard,18.5,2023-10-12,BAS
Vanja Marinkovic,7.5,2023-10-12,BAS
Matthew Costello,7.5,2023-10-12,BAS
Timothe Luwawu-Cabarrot,10.5,2023-10-12,ASV
Paris Lee,8.5,2023-10-12,ASV
Nando Colo De,13.5,2023-10-12,ASV
Danilo Andusic,5.5,2023-10-12,PAR
William James Nunnally,9.5,2023-10-12,PAR
Alen Smailagic,8.5,2023-10-12,PAR
Aleksa Avramovic,9.5,2023-10-12,PAR
Kevin Punter,15.5,2023-10-12,PAR
Mathias Lessort,12.5,2023-10-12,PAN
Marius Grigonis,12.5,2023-10-12,PAN
Carsen Edwards,10.5,2023-10-12,MUN
Devin Booker,9.5,2023-10-12,MUN
Isaac Bonga,10.5,2023-10-12,MUN
Andreas Obst,9.5,2023-10-12,MUN
Luca Vildoza,10.5,2023-10-12,PAN
Jaron Blossomgame,6.5,2023-10-13,MCO
John Brown,7.5,2023-10-13,MCO
Elie Okobo,12.5,2023-10-13,MCO
Alpha Diallo,9.5,2023-10-13,MCO
Mike James,17.5,2023-10-13,MCO
Donatas Motiejunas,7.5,2023-10-13,MCO
Ognjen Dobric,9.5,2023-10-13,VIR
Jordan Mickey,10.5,2023-10-13,VIR
Daniel Hackett,7.5,2023-10-13,VIR
Tornike Shengelia,12.5,2023-10-13,VIR
Isaia Cordinier,9.5,2023-10-13,VIR
Marco Belinelli,9.5,2023-10-13,VIR
Tomas Dimsa,6.5,2023-10-13,ZAL
Keenan Evans,14.5,2023-10-13,ZAL
Rolands Smits,9.5,2023-10-13,ZAL
Kevarrius Hayes,5.5,2023-10-13,ZAL
Edgaras Ulanovas,10.5,2023-10-13,ZAL
Mike Tobey,10.5,2023-10-13,RED
Rokas Giedraitis,11.5,2023-10-13,RED
Adam Hanga,6.5,2023-10-13,RED
Marko Simonovic,6.5,2023-10-13,RED
Nemanja Nedovic,12.5,2023-10-13,RED
Nikola Milutinov,13.5,2023-10-13,OLY
Alec Peters,9.5,2023-10-13,OLY
Isaiah Canaan,10.5,2023-10-13,OLY
Thomas Walkup,9.5,2023-10-13,OLY
Kostas Papanikolaou,7.5,2023-10-13,OLY
Jan Vesely,9.5,2023-10-13,BAR
Tomas Satoransky,8.5,2023-10-13,BAR
Alex Abrines,6.5,2023-10-13,BAR
Brandon Davies,11.5,2023-10-13,PAM
Chris Jones,13.5,2023-10-13,PAM
Tyler Dorsey,12.5,2023-10-13,ULK
Georgios Papagiannis,9.5,2023-10-13,ULK
Nigel Hayes,9.5,2023-10-13,ULK
Scottie Wilbekin,14.5,2023-10-13,ULK
Marko Guduric,10.5,2023-10-13,ULK
Milos Teodosic,8.5,2023-10-18,RED
Nemanja Nedovic,11.5,2023-10-18,RED
John Brown,6.5,2023-10-18,MCO
Elie Okobo,12.5,2023-10-18,MCO
Alpha Diallo,9.5,2023-10-18,MCO
Donatas Motiejunas,7.5,2023-10-18,MCO
Dejan Davidovac,5.5,2023-10-18,RED
Mike Tobey,7.5,2023-10-18,RED
Adam Hanga,6.5,2023-10-18,RED
Joel Bolomboy,4.5,2023-10-18,RED
Ognjen Dobric,8.5,2023-10-18,VIR
Jordan Mickey,9.5,2023-10-18,VIR
Daniel Hackett,7.5,2023-10-18,VIR
Tornike Shengelia,12.5,2023-10-18,VIR
Marco Belinelli,9.5,2023-10-18,VIR
Gabriele Procida,6.5,2023-10-18,BER
Louis Olinde,9.5,2023-10-18,BER
Brandon Davies,11.5,2023-10-18,PAM
Chris Jones,12.5,2023-10-18,PAM
Roman Sorkin,7.5,2023-10-18,TEL
Lorenzo Brown,16.5,2023-10-18,TEL
Bonzie Colson,11.5,2023-10-18,TEL
Yam Madar,7.5,2023-10-19,ULK
Georgios Papagiannis,8.5,2023-10-19,ULK
Scottie Wilbekin,13.5,2023-10-19,ULK
Johnathan Motley,11.5,2023-10-19,ULK
Paris Lee,9.5,2023-10-19,ASV
Joffrey Lauvergne,11.5,2023-10-19,ASV
Nando Colo De,13.5,2023-10-19,ASV
Nick Calathes,7.5,2023-10-19,ULK
Alec Peters,9.5,2023-10-19,OLY
Isaiah Canaan,9.5,2023-10-19,OLY
Thomas Walkup,10.5,2023-10-19,OLY
Kostas Papanikolaou,7.5,2023-10-19,OLY
Danilo Andusic,5.5,2023-10-19,PAR
Zach Leday,11.5,2023-10-19,PAR
Aleksa Avramovic,10.5,2023-10-19,PAR
Kevin Punter,14.5,2023-10-19,PAR
Giannoulis Larentzakis,6.5,2023-10-19,OLY
Tadas Sedekerskis,8.5,2023-10-19,BAS
Markus Howard,15.5,2023-10-19,BAS
Vanja Marinkovic,8.5,2023-10-19,BAS
Matthew Costello,9.5,2023-10-19,BAS
Rolands Smits,10.5,2023-10-19,ZAL
Kevarrius Hayes,5.5,2023-10-19,ZAL
Edgaras Ulanovas,9.5,2023-10-19,ZAL
Facundo Campazzo,12.5,2023-10-19,MAD
Sergio Llull,6.5,2023-10-19,MAD
Dzanan Musa,12.5,2023-10-19,MAD
Gabriel Deck,10.5,2023-10-19,MAD
Walter Tavares,10.5,2023-10-19,MAD
Kevin Pangos,9.5,2023-10-19,MIL
Johannes Voigtmann,7.5,2023-10-19,MIL
Nicolo Melli,6.5,2023-10-19,MIL
Shavon Shields,12.5,2023-10-19,MIL
Vincent Poirier,7.5,2023-10-19,MAD
John Brown,7.5,2023-10-20,MCO
Elie Okobo,11.5,2023-10-20,MCO
Alpha Diallo,9.5,2023-10-20,MCO
Mike James,17.5,2023-10-20,MCO
Donatas Motiejunas,7.5,2023-10-20,MCO
Louis Olinde,9.5,2023-10-20,BER
Shane Larkin,14.5,2023-10-20,IST
Ante Zizic,8.5,2023-10-20,IST
Will Clyburn,15.5,2023-10-20,IST
Chris Jones,12.5,2023-10-20,PAM
Jerian Grant,8.5,2023-10-20,PAN
Luca Vildoza,8.5,2023-10-20,PAN
Mathias Lessort,13.5,2023-10-20,PAN
Kostas Sloukas,11.5,2023-10-20,PAN
Marius Grigonis,10.5,2023-10-20,PAN
Jasiel Rivero,7.5,2023-10-20,TEL
Lorenzo Brown,17.5,2023-10-20,TEL
Bonzie Colson,13.5,2023-10-20,TEL
Josh Nebo,8.5,2023-10-20,TEL
Jordan Mickey,11.5,2023-10-20,VIR
Tornike Shengelia,13.5,2023-10-20,VIR
Isaia Cordinier,7.5,2023-10-20,VIR
Marco Belinelli,10.5,2023-10-20,VIR
Joel Bolomboy,5.5,2023-10-20,RED
Rokas Giedraitis,12.5,2023-10-20,RED
Adam Hanga,7.5,2023-10-20,RED
Nemanja Nedovic,12.5,2023-10-20,RED
Jan Vesely,9.5,2023-10-20,BAR
Tomas Satoransky,7.5,2023-10-20,BAR
Nikola Kalinic,6.5,2023-10-20,BAR
Nicolas Laprovittola,13.5,2023-10-20,BAR
Alex Abrines,6.5,2023-10-20,BAR
Carsen Edwards,11.5,2023-10-20,MUN
Devin Booker,9.5,2023-10-20,MUN
Andreas Obst,7.5,2023-10-20,MUN
Nick Weiler-Babb,6.5,2023-10-20,MUN
Danilo Andusic,6.5,2023-10-26,PAR
Zach Leday,11.5,2023-10-26,PAR
Aleksa Avramovic,9.5,2023-10-26,PAR
Kevin Punter,13.5,2023-10-26,PAR
Mike Tobey,7.5,2023-10-26,RED
Shabazz Napier,14.5,2023-10-26,RED
Joel Bolomboy,6.5,2023-10-26,RED
Adam Hanga,6.5,2023-10-26,RED
Milos Teodosic,8.5,2023-10-26,RED
Matt Thomas,9.5,2023-10-26,BER
Gabriele Procida,6.5,2023-10-26,BER
Louis Olinde,9.5,2023-10-26,BER
Kevin Pangos,9.5,2023-10-26,MIL
Johannes Voigtmann,6.5,2023-10-26,MIL
Shavon Shields,13.5,2023-10-26,MIL
Devon Hall,6.5,2023-10-26,MIL
Facundo Campazzo,13.5,2023-10-26,MAD
Mario Hezonja,8.5,2023-10-26,MAD
Gabriel Deck,9.5,2023-10-26,MAD
Walter Tavares,11.5,2023-10-26,MAD
Jan Vesely,9.5,2023-10-26,BAR
Tomas Satoransky,7.5,2023-10-26,BAR
Nikola Kalinic,6.5,2023-10-26,BAR
Rokas Jokubaitis,5.5,2023-10-26,BAR
Alex Abrines,6.5,2023-10-26,BAR
Vincent Poirier,7.5,2023-10-26,MAD
John Brown,6.5,2023-10-26,MCO
Elie Okobo,11.5,2023-10-26,MCO
Alpha Diallo,9.5,2023-10-26,MCO
Donatas Motiejunas,7.5,2023-10-26,MCO
Tamir Blatt,7.5,2023-10-26,TEL
Lorenzo Brown,16.5,2023-10-26,TEL
Bonzie Colson,13.5,2023-10-26,TEL
Josh Nebo,8.5,2023-10-26,TEL
Nigel Williams-Goss,10.5,2023-10-26,OLY
Nikola Milutinov,13.5,2023-10-26,OLY
Alec Peters,10.5,2023-10-26,OLY
Kostas Papanikolaou,7.5,2023-10-26,OLY
Rodrigue Beaubois,11.5,2023-10-26,IST
Shane Larkin,14.5,2023-10-26,IST
Darius Thompson,10.5,2023-10-26,IST
Will Clyburn,14.5,2023-10-26,IST
Petr Cornelie,5.5,2023-10-26,MCO
Roman Sorkin,5.5,2023-10-26,TEL
Giannoulis Larentzakis,7.5,2023-10-26,OLY
Ante Zizic,8.5,2023-10-26,IST
Tomas Dimsa,5.5,2023-10-27,ZAL
Keenan Evans,13.5,2023-10-27,ZAL
Kevarrius Hayes,5.5,2023-10-27,ZAL
Edgaras Ulanovas,9.5,2023-10-27,ZAL
Brandon Davies,10.5,2023-10-27,PAM
Chris Jones,11.5,2023-10-27,PAM
Iffe Lundberg,8.5,2023-10-27,VIR
Nando Colo De,12.5,2023-10-27,ASV
Ognjen Dobric,7.5,2023-10-27,VIR
Daniel Hackett,6.5,2023-10-27,VIR
Tornike Shengelia,14.5,2023-10-27,VIR
Isaia Cordinier,8.5,2023-10-27,VIR
Marco Belinelli,10.5,2023-10-27,VIR
Vanja Marinkovic,8.5,2023-10-27,BAS
Matthew Costello,10.5,2023-10-27,BAS
Luca Vildoza,9.5,2023-10-27,PAN
Mathias Lessort,13.5,2023-10-27,PAN
Kostas Sloukas,12.5,2023-10-27,PAN
Tadas Sedekerskis,7.5,2023-10-27,BAS
Markus Howard,16.5,2023-10-27,BAS
Nick Weiler-Babb,5.5,2023-10-27,MUN
Georgios Papagiannis,8.5,2023-10-27,ULK
Nick Calathes,7.5,2023-10-27,ULK
Isaac Bonga,7.5,2023-10-27,MUN
Andreas Obst,7.5,2023-10-27,MUN
Nigel Hayes,10.5,2023-10-27,ULK
Scottie Wilbekin,14.5,2023-10-27,ULK
Johnathan Motley,12.5,2023-10-27,ULK
Maodo Lo,8.5,2023-10-31,MIL
Nikola Mirotic,17.5,2023-10-31,MIL
Kevin Pangos,7.5,2023-10-31,MIL
Johannes Voigtmann,6.5,2023-10-31,MIL
Devon Hall,5.5,2023-10-31,MIL
Shavon Shields,14.5,2023-10-31,MIL
Jasiel Rivero,5.5,2023-10-31,TEL
Lorenzo Brown,15.5,2023-10-31,TEL
Josh Nebo,8.5,2023-10-31,TEL
Shabazz Napier,14.5,2023-11-02,RED
Joel Bolomboy,8.5,2023-11-02,RED
Adam Hanga,6.5,2023-11-02,RED
Milos Teodosic,9.5,2023-11-02,RED
Devin Booker,9.5,2023-11-02,MUN
Isaac Bonga,7.5,2023-11-02,MUN
Andreas Obst,8.5,2023-11-02,MUN
Leandro Bolmaro,6.5,2023-11-02,MUN
Nigel Hayes,9.5,2023-11-02,ULK
Scottie Wilbekin,14.5,2023-11-02,ULK
Johnathan Motley,10.5,2023-11-02,ULK
Marko Guduric,11.5,2023-11-02,ULK
Nigel Williams-Goss,10.5,2023-11-02,OLY
Nikola Milutinov,11.5,2023-11-02,OLY
Alec Peters,10.5,2023-11-02,OLY
Isaiah Canaan,9.5,2023-11-02,OLY
Thomas Walkup,9.5,2023-11-02,OLY
Georgios Papagiannis,7.5,2023-11-02,ULK
Nick Calathes,5.5,2023-11-02,ULK
Giannoulis Larentzakis,5.5,2023-11-02,OLY
Keenan Evans,13.5,2023-11-02,ZAL
Rolands Smits,11.5,2023-11-02,ZAL
Kevarrius Hayes,5.5,2023-11-02,ZAL
Edgaras Ulanovas,8.5,2023-11-02,ZAL
Joffrey Lauvergne,11.5,2023-11-02,ASV
Nando Colo De,12.5,2023-11-02,ASV
Tomas Dimsa,6.5,2023-11-02,ZAL
Youssoupha Fall,6.5,2023-11-02,ASV
Nikola Mirotic,18.5,2023-11-02,MIL
Johannes Voigtmann,8.5,2023-11-02,MIL
Nicolo Melli,5.5,2023-11-02,MIL
Shavon Shields,15.5,2023-11-02,MIL
Elie Okobo,10.5,2023-11-02,MCO
Alpha Diallo,9.5,2023-11-02,MCO
Mike James,17.5,2023-11-02,MCO
Brandon Davies,10.5,2023-11-02,PAM
Jared Harper,10.5,2023-11-02,PAM
Matt Thomas,9.5,2023-11-02,BER
Louis Olinde,9.5,2023-11-02,BER
Maodo Lo,7.5,2023-11-02,MIL
Stefan Jovic,4.5,2023-11-02,PAM
Jan Vesely,9.5,2023-11-03,BAR
Ognjen Dobric,6.5,2023-11-03,VIR
Ante Zizic,7.5,2023-11-03,IST
Danilo Andusic,7.5,2023-11-03,PAR
Elijah Bryant,9.5,2023-11-03,IST
Tomas Satoransky,9.5,2023-11-03,BAR
Nikola Kalinic,7.5,2023-11-03,BAR
Alex Abrines,7.5,2023-11-03,BAR
Jerian Grant,10.5,2023-11-03,PAN
Mathias Lessort,13.5,2023-11-03,PAN
Konstantinos Mitoglou,10.5,2023-11-03,PAN
Marius Grigonis,10.5,2023-11-03,PAN
Tadas Sedekerskis,8.5,2023-11-03,BAS
William James Nunnally,11.5,2023-11-03,PAR
Zach Leday,11.5,2023-11-03,PAR
Alen Smailagic,10.5,2023-11-03,PAR
Aleksa Avramovic,11.5,2023-11-03,PAR
Jordan Mickey,10.5,2023-11-03,VIR
Tornike Shengelia,14.5,2023-11-03,VIR
Isaia Cordinier,9.5,2023-11-03,VIR
Marco Belinelli,11.5,2023-11-03,VIR
Darius Thompson,10.5,2023-11-03,IST
Will Clyburn,13.5,2023-11-03,IST
Gabriele Procida,5.5,2023-11-10,BER
Louis Olinde,9.5,2023-11-10,BER
Jerian Grant,9.5,2023-11-10,PAN
Mathias Lessort,12.5,2023-11-10,PAN
Konstantinos Mitoglou,11.5,2023-11-10,PAN
Kostas Sloukas,11.5,2023-11-10,PAN
Marius Grigonis,10.5,2023-11-10,PAN
Jan Vesely,10.5,2023-11-10,BAR
Tomas Satoransky,9.5,2023-11-10,BAR
Nikola Kalinic,7.5,2023-11-10,BAR
Alex Abrines,6.5,2023-11-10,BAR
Shabazz Napier,13.5,2023-11-10,RED
Joel Bolomboy,7.5,2023-11-10,RED
Rokas Giedraitis,9.5,2023-11-10,RED
Nemanja Nedovic,11.5,2023-11-10,RED
Nicolas Laprovittola,11.5,2023-11-10,BAR
John Brown,7.5,2023-11-10,MCO
Elie Okobo,10.5,2023-11-10,MCO
Alpha Diallo,10.5,2023-11-10,MCO
Mike James,18.5,2023-11-10,MCO
Donatas Motiejunas,7.5,2023-11-10,MCO
Paris Lee,7.5,2023-11-10,ASV
Nando Colo De,12.5,2023-11-10,ASV
Youssoupha Fall,8.5,2023-11-10,ASV
Elie Okobo,9.5,2023-11-14,MCO
Jordan Loyd,11.5,2023-11-14,MCO
Alpha Diallo,11.5,2023-11-14,MCO
Mike James,17.5,2023-11-14,MCO
Donatas Motiejunas,6.5,2023-11-14,MCO
Shane Larkin,12.5,2023-11-14,IST
Darius Thompson,10.5,2023-11-14,IST
Ante Zizic,8.5,2023-11-14,IST
Will Clyburn,13.5,2023-11-14,IST
Jasiel Rivero,8.5,2023-11-14,TEL
Lorenzo Brown,15.5,2023-11-14,TEL
Bonzie Colson,13.5,2023-11-14,TEL
Josh Nebo,8.5,2023-11-14,TEL
Alec Peters,11.5,2023-11-14,OLY
Isaiah Canaan,10.5,2023-11-14,OLY
Thomas Walkup,7.5,2023-11-14,OLY
Moustapha Fall,9.5,2023-11-14,OLY
Kostas Papanikolaou,7.5,2023-11-14,OLY
Semi Ojeleye,9.5,2023-11-14,PAM
Brandon Davies,10.5,2023-11-14,PAM
Xabi Lopez-Arostegui,6.5,2023-11-14,PAM
Facundo Campazzo,12.5,2023-11-14,MAD
Dzanan Musa,10.5,2023-11-14,MAD
Mario Hezonja,8.5,2023-11-14,MAD
Gabriel Deck,10.5,2023-11-14,MAD
Guerschon Yabusele,9.5,2023-11-14,MAD
Walter Tavares,11.5,2023-11-14,MAD
Daniel Hackett,6.5,2023-11-14,VIR
Tornike Shengelia,13.5,2023-11-14,VIR
Isaia Cordinier,7.5,2023-11-14,VIR
Marco Belinelli,12.5,2023-11-14,VIR
Nikola Mirotic,17.5,2023-11-14,MIL
Johannes Voigtmann,8.5,2023-11-14,MIL
Nicolo Melli,5.5,2023-11-14,MIL
Devon Hall,6.5,2023-11-14,MIL
Shavon Shields,14.5,2023-11-14,MIL
Dejan Davidovac,5.5,2023-11-14,RED
Shabazz Napier,12.5,2023-11-14,RED
Joel Bolomboy,8.5,2023-11-14,RED
Rokas Giedraitis,8.5,2023-11-14,RED
Milos Teodosic,9.5,2023-11-14,RED
Nemanja Nedovic,10.5,2023-11-14,RED
Tyler Dorsey,12.5,2023-11-14,ULK
Georgios Papagiannis,7.5,2023-11-14,ULK
Nigel Hayes,10.5,2023-11-14,ULK
Scottie Wilbekin,13.5,2023-11-14,ULK
Johnathan Motley,10.5,2023-11-14,ULK
Matt Thomas,9.5,2023-11-15,BER
Louis Olinde,9.5,2023-11-15,BER
Timothe Luwawu-Cabarrot,10.5,2023-11-15,ASV
Paris Lee,7.5,2023-11-15,ASV
Joffrey Lauvergne,11.5,2023-11-15,ASV
Nando Colo De,12.5,2023-11-15,ASV
Gabriele Procida,6.5,2023-11-15,BER
Youssoupha Fall,9.5,2023-11-15,ASV
Jerian Grant,7.5,2023-11-15,PAN
Mathias Lessort,11.5,2023-11-15,PAN
Kostas Sloukas,11.5,2023-11-15,PAN
Marius Grigonis,11.5,2023-11-15,PAN
Keenan Evans,14.5,2023-11-15,ZAL
Rolands Smits,11.5,2023-11-15,ZAL
Edgaras Ulanovas,8.5,2023-11-15,ZAL
Kevarrius Hayes,6.5,2023-11-15,ZAL
Carsen Edwards,11.5,2023-11-15,MUN
Devin Booker,9.5,2023-11-15,MUN
Mateusz Ponitka,4.5,2023-11-15,PAR
Danilo Andusic,7.5,2023-11-15,PAR
William James Nunnally,11.5,2023-11-15,PAR
Zach Leday,11.5,2023-11-15,PAR
Alen Smailagic,8.5,2023-11-15,PAR
Aleksa Avramovic,9.5,2023-11-15,PAR
Tadas Sedekerskis,9.5,2023-11-15,BAS
Chima Moneke,12.5,2023-11-15,BAS
Markus Howard,14.5,2023-11-15,BAS
Jan Vesely,9.5,2023-11-15,BAR
Tomas Satoransky,8.5,2023-11-15,BAR
Nikola Kalinic,7.5,2023-11-15,BAR
Nicolas Laprovittola,10.5,2023-11-15,BAR
Tamir Blatt,6.5,2023-11-16,TEL
Jasiel Rivero,8.5,2023-11-16,TEL
Lorenzo Brown,14.5,2023-11-16,TEL
Bonzie Colson,12.5,2023-11-16,TEL
Josh Nebo,8.5,2023-11-16,TEL
Tyler Dorsey,10.5,2023-11-16,ULK
Georgios Papagiannis,7.5,2023-11-16,ULK
Nigel Hayes,10.5,2023-11-16,ULK
Johnathan Motley,10.5,2023-11-16,ULK
James Iii Webb,6.5,2023-11-16,TEL
Isaiah Canaan,10.5,2023-11-16,OLY
Moustapha Fall,9.5,2023-11-16,OLY
Kostas Papanikolaou,7.5,2023-11-16,OLY
Dejan Davidovac,4.5,2023-11-16,RED
Joel Bolomboy,8.5,2023-11-16,RED
Rokas Giedraitis,9.5,2023-11-16,RED
Milos Teodosic,10.5,2023-11-16,RED
Nemanja Nedovic,12.5,2023-11-16,RED
Giannoulis Larentzakis,6.5,2023-11-16,OLY
Maodo Lo,9.5,2023-11-16,MIL
Nikola Mirotic,16.5,2023-11-16,MIL
Johannes Voigtmann,8.5,2023-11-16,MIL
Shavon Shields,14.5,2023-11-16,MIL
Rodrigue Beaubois,11.5,2023-11-16,IST
Shane Larkin,14.5,2023-11-16,IST
Darius Thompson,11.5,2023-11-16,IST
Will Clyburn,12.5,2023-11-16,IST
Nicolo Melli,5.5,2023-11-16,MIL
Ante Zizic,7.5,2023-11-16,IST
Dzanan Musa,10.5,2023-11-16,MAD
Mario Hezonja,8.5,2023-11-16,MAD
Gabriel Deck,10.5,2023-11-16,MAD
Walter Tavares,10.5,2023-11-16,MAD
Elie Okobo,9.5,2023-11-16,MCO
Jordan Loyd,12.5,2023-11-16,MCO
Alpha Diallo,10.5,2023-11-16,MCO
Mike James,15.5,2023-11-16,MCO
Donatas Motiejunas,7.5,2023-11-16,MCO
Keenan Evans,14.5,2023-11-17,ZAL
Rolands Smits,11.5,2023-11-17,ZAL
Kevarrius Hayes,6.5,2023-11-17,ZAL
Edgaras Ulanovas,8.5,2023-11-17,ZAL
Carsen Edwards,12.5,2023-11-17,MUN
Devin Booker,9.5,2023-11-17,MUN
Leandro Bolmaro,8.5,2023-11-17,MUN
Nick Weiler-Babb,5.5,2023-11-17,MUN
Youssoupha Fall,8.5,2023-11-17,ASV
Timothe Luwawu-Cabarrot,12.5,2023-11-17,ASV
Paris Lee,8.5,2023-11-17,ASV
Joffrey Lauvergne,11.5,2023-11-17,ASV
Chima Moneke,13.5,2023-11-17,BAS
Markus Howard,16.5,2023-11-17,BAS
Matthew Costello,6.5,2023-11-17,BAS
Kostas Sloukas,12.5,2023-11-17,PAN
Marius Grigonis,11.5,2023-11-17,PAN
Ognjen Dobric,6.5,2023-11-17,VIR
Daniel Hackett,7.5,2023-11-17,VIR
Tornike Shengelia,14.5,2023-11-17,VIR
Isaia Cordinier,8.5,2023-11-17,VIR
Tomas Satoransky,8.5,2023-11-17,BAR
Nikola Kalinic,6.5,2023-11-17,BAR
Nicolas Laprovittola,11.5,2023-11-17,BAR
Alex Abrines,6.5,2023-11-17,BAR
Semi Ojeleye,10.5,2023-11-17,PAM
Brandon Davies,11.5,2023-11-17,PAM
Chris Jones,12.5,2023-11-17,PAM
Xabi Lopez-Arostegui,6.5,2023-11-17,PAM
Mateusz Ponitka,4.5,2023-11-17,PAR
Danilo Andusic,7.5,2023-11-17,PAR
William James Nunnally,12.5,2023-11-17,PAR
Zach Leday,11.5,2023-11-17,PAR
Aleksa Avramovic,8.5,2023-11-17,PAR
Gabriele Procida,6.5,2023-11-17,BER
Louis Olinde,8.5,2023-11-17,BER
Rodrigue Beaubois,11.5,2023-11-24,IST
Darius Thompson,14.5,2023-11-24,IST
Ante Zizic,7.5,2023-11-24,IST
Will Clyburn,15.5,2023-11-24,IST
Ognjen Jaramaz,6.5,2023-11-24,PAR
Mateusz Ponitka,5.5,2023-11-24,PAR
Danilo Andusic,8.5,2023-11-24,PAR
Zach Leday,12.5,2023-11-24,PAR
Alen Smailagic,7.5,2023-11-24,PAR
Alec Peters,13.5,2023-11-24,OLY
Lukas Lekavicius,6.5,2023-11-24,ZAL
Isaiah Canaan,11.5,2023-11-24,OLY
Thomas Walkup,8.5,2023-11-24,OLY
Moustapha Fall,9.5,2023-11-24,OLY
Tomas Dimsa,8.5,2023-11-24,ZAL
Keenan Evans,13.5,2023-11-24,ZAL
Rolands Smits,12.5,2023-11-24,ZAL
Kevarrius Hayes,5.5,2023-11-24,ZAL
Edgaras Ulanovas,8.5,2023-11-24,ZAL
Dejan Davidovac,4.5,2023-11-24,RED
Mike Tobey,6.5,2023-11-24,RED
Joel Bolomboy,7.5,2023-11-24,RED
Rokas Giedraitis,8.5,2023-11-24,RED
Nemanja Nedovic,13.5,2023-11-24,RED
Nikola Mirotic,16.5,2023-11-24,MIL
Nicolo Melli,6.5,2023-11-24,MIL
Devon Hall,7.5,2023-11-24,MIL
Shavon Shields,13.5,2023-11-24,MIL
Tadas Sedekerskis,9.5,2023-11-24,BAS
Vanja Marinkovic,8.5,2023-11-24,BAS
Matthew Costello,7.5,2023-11-24,BAS
Elie Okobo,9.5,2023-11-24,MCO
Alpha Diallo,10.5,2023-11-24,MCO
Mike James,16.5,2023-11-24,MCO
Donatas Motiejunas,8.5,2023-11-24,MCO
Jasiel Rivero,8.5,2023-11-28,TEL
Lorenzo Brown,13.5,2023-11-28,TEL
Bonzie Colson,11.5,2023-11-28,TEL
Josh Nebo,8.5,2023-11-28,TEL
Wade Iv Baldwin,14.5,2023-11-28,TEL
Facundo Campazzo,12.5,2023-11-28,MAD
Dzanan Musa,10.5,2023-11-28,MAD
Gabriel Deck,10.5,2023-11-28,MAD
Walter Tavares,11.5,2023-11-28,MAD
Joel Bolomboy,7.5,2023-12-01,RED
Rokas Giedraitis,8.5,2023-12-01,RED
Milos Teodosic,10.5,2023-12-01,RED
Nemanja Nedovic,12.5,2023-12-01,RED
Rodrigue Beaubois,10.5,2023-12-01,IST
Shane Larkin,14.5,2023-12-01,IST
Will Clyburn,13.5,2023-12-01,IST
Dejan Davidovac,5.5,2023-12-01,RED
Tomas Satoransky,7.5,2023-12-01,BAR
Nikola Kalinic,7.5,2023-12-01,BAR
Rokas Jokubaitis,5.5,2023-12-01,BAR
Nicolas Laprovittola,12.5,2023-12-01,BAR
Paris Lee,9.5,2023-12-01,ASV
Joffrey Lauvergne,12.5,2023-12-01,ASV
Youssoupha Fall,7.5,2023-12-01,ASV
Semi Ojeleye,10.5,2023-12-01,PAM
Brandon Davies,9.5,2023-12-01,PAM
Chris Jones,11.5,2023-12-01,PAM
Xabi Lopez-Arostegui,6.5,2023-12-01,PAM
Tadas Sedekerskis,9.5,2023-12-01,BAS
Markus Howard,15.5,2023-12-01,BAS
Matthew Costello,7.5,2023-12-01,BAS
Vanja Marinkovic,9.5,2023-12-01,BAS
David Lighty,5.5,2023-12-01,ASV
Darius Thompson,15.5,2023-12-05,IST
Jerian Grant,8.5,2023-12-05,PAN
Mathias Lessort,13.5,2023-12-05,PAN
Konstantinos Mitoglou,14.5,2023-12-05,PAN
Kostas Sloukas,11.5,2023-12-05,PAN
Marius Grigonis,10.5,2023-12-05,PAN
Gabriele Procida,9.5,2023-12-05,BER
Yanni Wetzell,6.5,2023-12-05,BER
Lukas Lekavicius,7.5,2023-12-05,ZAL
Keenan Evans,15.5,2023-12-05,ZAL
Rolands Smits,11.5,2023-12-05,ZAL
Kevarrius Hayes,6.5,2023-12-05,ZAL
Edgaras Ulanovas,9.5,2023-12-05,ZAL
Nikola Milutinov,9.5,2023-12-05,OLY
Alec Peters,13.5,2023-12-05,OLY
Isaiah Canaan,12.5,2023-12-05,OLY
Thomas Walkup,9.5,2023-12-05,OLY
Moustapha Fall,5.5,2023-12-05,OLY
Kostas Papanikolaou,6.5,2023-12-05,OLY
Facundo Campazzo,13.5,2023-12-05,MAD
Sergio Llull,6.5,2023-12-05,MAD
Dzanan Musa,10.5,2023-12-05,MAD
Mario Hezonja,9.5,2023-12-05,MAD
Gabriel Deck,12.5,2023-12-05,MAD
Carsen Edwards,11.5,2023-12-05,MUN
Devin Booker,9.5,2023-12-05,MUN
Nick Weiler-Babb,7.5,2023-12-05,MUN
Maodo Lo,10.5,2023-12-05,MIL
Johannes Voigtmann,9.5,2023-12-05,MIL
Nicolo Melli,6.5,2023-12-05,MIL
Devon Hall,7.5,2023-12-05,MIL
Shavon Shields,16.5,2023-12-05,MIL
Danilo Andusic,5.5,2023-12-05,PAR
William James Nunnally,11.5,2023-12-05,PAR
Zach Leday,11.5,2023-12-05,PAR
Kevin Punter,14.5,2023-12-05,PAR
John Brown,7.5,2023-12-05,MCO
Elie Okobo,9.5,2023-12-05,MCO
Mike James,18.5,2023-12-05,MCO
Donatas Motiejunas,7.5,2023-12-05,MCO
Timothe Luwawu-Cabarrot,14.5,2023-12-06,ASV
Paris Lee,9.5,2023-12-06,ASV
Joffrey Lauvergne,13.5,2023-12-06,ASV
James Iii Webb,7.5,2023-12-06,TEL
Jasiel Rivero,8.5,2023-12-06,TEL
Lorenzo Brown,13.5,2023-12-06,TEL
Bonzie Colson,13.5,2023-12-06,TEL
Wade Iv Baldwin,15.5,2023-12-06,TEL
Tadas Sedekerskis,9.5,2023-12-06,BAS
Markus Howard,17.5,2023-12-06,BAS
Vanja Marinkovic,10.5,2023-12-06,BAS
Tyler Dorsey,9.5,2023-12-06,ULK
Nigel Hayes,12.5,2023-12-06,ULK
Nick Calathes,7.5,2023-12-06,ULK
Scottie Wilbekin,14.5,2023-12-06,ULK
Marko Guduric,12.5,2023-12-06,ULK
Brandon Davies,10.5,2023-12-06,PAM
Chris Jones,12.5,2023-12-06,PAM
Xabi Lopez-Arostegui,7.5,2023-12-06,PAM
Dejan Davidovac,5.5,2023-12-06,RED
Mike Tobey,5.5,2023-12-06,RED
Rokas Giedraitis,7.5,2023-12-06,RED
Nemanja Nedovic,14.5,2023-12-06,RED
Bryant Dunston,6.5,2023-12-06,VIR
Daniel Hackett,7.5,2023-12-06,VIR
Tornike Shengelia,14.5,2023-12-06,VIR
Marco Belinelli,12.5,2023-12-06,VIR
Jan Vesely,10.5,2023-12-06,BAR
Tomas Satoransky,8.5,2023-12-06,BAR
Nikola Kalinic,6.5,2023-12-06,BAR
Nicolas Laprovittola,13.5,2023-12-06,BAR
Alex Abrines,7.5,2023-12-06,BAR
Keenan Evans,15.5,2023-12-08,ZAL
Rolands Smits,11.5,2023-12-08,ZAL
Edgaras Ulanovas,8.5,2023-12-08,ZAL
John Brown,8.5,2023-12-08,MCO
Elie Okobo,8.5,2023-12-08,MCO
Alpha Diallo,9.5,2023-12-08,MCO
Mike James,17.5,2023-12-08,MCO
Donatas Motiejunas,9.5,2023-12-08,MCO
Tomas Dimsa,9.5,2023-12-08,ZAL
Laurynas Birutis,5.5,2023-12-08,ZAL
Alec Peters,13.5,2023-12-08,OLY
Isaiah Canaan,12.5,2023-12-08,OLY
Thomas Walkup,10.5,2023-12-08,OLY
Giannoulis Larentzakis,5.5,2023-12-08,OLY
Kostas Papanikolaou,7.5,2023-12-08,OLY
Devin Booker,9.5,2023-12-08,MUN
Isaac Bonga,6.5,2023-12-08,MUN
Nick Weiler-Babb,7.5,2023-12-08,MUN
Jan Vesely,11.5,2023-12-08,BAR
Tomas Satoransky,8.5,2023-12-08,BAR
Nikola Kalinic,6.5,2023-12-08,BAR
Rokas Jokubaitis,5.5,2023-12-08,BAR
Nicolas Laprovittola,12.5,2023-12-08,BAR
Alex Abrines,6.5,2023-12-08,BAR
Nigel Hayes,12.5,2023-12-08,ULK
Johnathan Motley,10.5,2023-12-08,ULK
Markus Howard,19.5,2023-12-08,BAS
Vanja Marinkovic,10.5,2023-12-08,BAS
Dejan Davidovac,5.5,2023-12-08,RED
Mike Tobey,6.5,2023-12-08,RED
Rokas Giedraitis,7.5,2023-12-08,RED
Milos Teodosic,9.5,2023-12-08,RED
Bryant Dunston,5.5,2023-12-08,VIR
Iffe Lundberg,8.5,2023-12-08,VIR
Daniel Hackett,8.5,2023-12-08,VIR
Tornike Shengelia,14.5,2023-12-08,VIR
Isaia Cordinier,7.5,2023-12-08,VIR
Marco Belinelli,12.5,2023-12-08,VIR
Bonzie Colson,12.5,2023-12-08,TEL
Josh Nebo,8.5,2023-12-08,TEL
Wade Iv Baldwin,15.5,2023-12-08,TEL
Nick Calathes,5.5,2023-12-08,ULK
Tadas Sedekerskis,8.5,2023-12-08,BAS
Tamir Blatt,6.5,2023-12-08,TEL
Jasiel Rivero,7.5,2023-12-08,TEL
Timothe Luwawu-Cabarrot,14.5,2023-12-08,ASV
Paris Lee,8.5,2023-12-08,ASV
Joffrey Lauvergne,13.5,2023-12-08,ASV
Nando Colo De,13.5,2023-12-08,ASV
Semi Ojeleye,12.5,2023-12-08,PAM
Stefan Jovic,5.5,2023-12-08,PAM
Brandon Davies,12.5,2023-12-08,PAM
Jared Harper,11.5,2023-12-08,PAM
Chris Jones,11.5,2023-12-08,PAM
Tomas Dimsa,9.5,2023-12-14,ZAL
Keenan Evans,14.5,2023-12-14,ZAL
Rolands Smits,10.5,2023-12-14,ZAL
Kevarrius Hayes,6.5,2023-12-14,ZAL
Edgaras Ulanovas,9.5,2023-12-14,ZAL
Danilo Andusic,6.5,2023-12-14,PAR
Alen Smailagic,8.5,2023-12-14,PAR
Kevin Punter,14.5,2023-12-14,PAR
Dejan Davidovac,5.5,2023-12-14,RED
Mike Tobey,5.5,2023-12-14,RED
Joel Bolomboy,9.5,2023-12-14,RED
Rokas Giedraitis,9.5,2023-12-14,RED
Milos Teodosic,10.5,2023-12-14,RED
Nemanja Nedovic,13.5,2023-12-14,RED
Matt Thomas,8.5,2023-12-14,BER
Gabriele Procida,8.5,2023-12-14,BER
Yanni Wetzell,6.5,2023-12-14,BER
Mateusz Ponitka,5.5,2023-12-14,PAR
Roman Sorkin,8.5,2023-12-14,TEL
Lorenzo Brown,15.5,2023-12-14,TEL
Josh Nebo,8.5,2023-12-14,TEL
Wade Iv Baldwin,16.5,2023-12-14,TEL
Shane Larkin,20.5,2023-12-14,IST
Darius Thompson,15.5,2023-12-14,IST
Tadas Sedekerskis,9.5,2023-12-14,BAS
Chima Moneke,14.5,2023-12-14,BAS
Markus Howard,16.5,2023-12-14,BAS
Vanja Marinkovic,10.5,2023-12-14,BAS
Ognjen Dobric,5.5,2023-12-14,VIR
Daniel Hackett,9.5,2023-12-14,VIR
Tornike Shengelia,15.5,2023-12-14,VIR
Marco Belinelli,13.5,2023-12-14,VIR
Facundo Campazzo,11.5,2023-12-14,MAD
Dzanan Musa,11.5,2023-12-14,MAD
Mario Hezonja,11.5,2023-12-14,MAD
Gabriel Deck,11.5,2023-12-14,MAD
Walter Tavares,10.5,2023-12-14,MAD
Carsen Edwards,11.5,2023-12-14,MUN
Devin Booker,8.5,2023-12-14,MUN
Nick Weiler-Babb,7.5,2023-12-14,MUN
Timothe Luwawu-Cabarrot,14.5,2023-12-14,ASV
Paris Lee,8.5,2023-12-14,ASV
Joffrey Lauvergne,13.5,2023-12-14,ASV
Nando Colo De,13.5,2023-12-14,ASV
Jerian Grant,8.5,2023-12-14,PAN
Mathias Lessort,13.5,2023-12-14,PAN
Konstantinos Mitoglou,13.5,2023-12-14,PAN
Kostas Sloukas,10.5,2023-12-14,PAN
Tyler Dorsey,9.5,2023-12-15,ULK
Nigel Hayes,12.5,2023-12-15,ULK
Scottie Wilbekin,13.5,2023-12-15,ULK
Johnathan Motley,11.5,2023-12-15,ULK
Marko Guduric,10.5,2023-12-15,ULK
John Brown,6.5,2023-12-15,MCO
Elie Okobo,9.5,2023-12-15,MCO
Alpha Diallo,10.5,2023-12-15,MCO
Donatas Motiejunas,7.5,2023-12-15,MCO
Nick Calathes,5.5,2023-12-15,ULK
Jaron Blossomgame,5.5,2023-12-15,MCO
Nikola Milutinov,9.5,2023-12-15,OLY
Isaiah Canaan,11.5,2023-12-15,OLY
Thomas Walkup,10.5,2023-12-15,OLY
Moustapha Fall,7.5,2023-12-15,OLY
Brandon Davies,11.5,2023-12-15,PAM
Chris Jones,11.5,2023-12-15,PAM
Kostas Papanikolaou,7.5,2023-12-15,OLY
Victor Claver,5.5,2023-12-15,PAM
Jan Vesely,10.5,2023-12-15,BAR
Tomas Satoransky,8.5,2023-12-15,BAR
Nikola Kalinic,6.5,2023-12-15,BAR
Nicolas Laprovittola,12.5,2023-12-15,BAR
Stefano Tonut,6.5,2023-12-15,MIL
Johannes Voigtmann,7.5,2023-12-15,MIL
Nicolo Melli,8.5,2023-12-15,MIL
Devon Hall,8.5,2023-12-15,MIL
Shavon Shields,16.5,2023-12-15,MIL
Kyle Hines,5.5,2023-12-15,MIL
Dejan Davidovac,5.5,2023-12-19,RED
Joel Bolomboy,8.5,2023-12-19,RED
Rokas Giedraitis,10.5,2023-12-19,RED
Milos Teodosic,9.5,2023-12-19,RED
Nemanja Nedovic,13.5,2023-12-19,RED
Sergio Llull,8.5,2023-12-19,MAD
Dzanan Musa,11.5,2023-12-19,MAD
Mario Hezonja,12.5,2023-12-19,MAD
Vincent Poirier,7.5,2023-12-19,MAD
Walter Tavares,10.5,2023-12-19,MAD
Gabriele Procida,7.5,2023-12-19,BER
Yanni Wetzell,7.5,2023-12-19,BER
Tomas Satoransky,8.5,2023-12-19,BAR
Nikola Kalinic,7.5,2023-12-19,BAR
Roman Sorkin,7.5,2023-12-19,TEL
Lorenzo Brown,15.5,2023-12-19,TEL
Bonzie Colson,13.5,2023-12-19,TEL
Josh Nebo,8.5,2023-12-19,TEL
Wade Iv Baldwin,15.5,2023-12-19,TEL
Tadas Sedekerskis,8.5,2023-12-19,BAS
Chima Moneke,14.5,2023-12-19,BAS
Markus Howard,17.5,2023-12-19,BAS
Bryant Dunston,5.5,2023-12-19,VIR
Ognjen Dobric,4.5,2023-12-19,VIR
Daniel Hackett,8.5,2023-12-19,VIR
Tornike Shengelia,15.5,2023-12-19,VIR
Isaia Cordinier,8.5,2023-12-19,VIR
Isaiah Canaan,11.5,2023-12-19,OLY
Kostas Papanikolaou,7.5,2023-12-19,OLY
Brandon Davies,11.5,2023-12-19,PAM
Chris Jones,12.5,2023-12-19,PAM
Danilo Andusic,5.5,2023-12-19,PAR
William James Nunnally,11.5,2023-12-19,PAR
Zach Leday,11.5,2023-12-19,PAR
Alen Smailagic,7.5,2023-12-19,PAR
Kevin Punter,15.5,2023-12-19,PAR
Tyler Dorsey,8.5,2023-12-20,ULK
Nigel Hayes,13.5,2023-12-20,ULK
Scottie Wilbekin,13.5,2023-12-20,ULK
Johnathan Motley,10.5,2023-12-20,ULK
Marko Guduric,10.5,2023-12-20,ULK
Tomas Dimsa,8.5,2023-12-20,ZAL
Keenan Evans,14.5,2023-12-20,ZAL
Kevarrius Hayes,6.5,2023-12-20,ZAL
Jaron Blossomgame,6.5,2023-12-20,MCO
Elie Okobo,10.5,2023-12-20,MCO
Alpha Diallo,10.5,2023-12-20,MCO
Mike James,18.5,2023-12-20,MCO
Donatas Motiejunas,7.5,2023-12-20,MCO
Jerian Grant,7.5,2023-12-20,PAN
Mathias Lessort,13.5,2023-12-20,PAN
Kostas Sloukas,11.5,2023-12-20,PAN
John Brown,6.5,2023-12-20,MCO
Luca Vildoza,6.5,2023-12-20,PAN
Marius Grigonis,9.5,2023-12-20,PAN
Carsen Edwards,12.5,2023-12-20,MUN
Devin Booker,10.5,2023-12-20,MUN
Leandro Bolmaro,10.5,2023-12-20,MUN
Shane Larkin,19.5,2023-12-20,IST
Darius Thompson,15.5,2023-12-20,IST
Nicolo Melli,9.5,2023-12-20,MIL
Devon Hall,9.5,2023-12-20,MIL
Shavon Shields,17.5,2023-12-20,MIL
Paris Lee,8.5,2023-12-20,ASV
Joffrey Lauvergne,12.5,2023-12-20,ASV
Nando Colo De,12.5,2023-12-20,ASV
Isaac Bonga,7.5,2023-12-20,MUN
Stefano Tonut,5.5,2023-12-20,MIL
Johannes Voigtmann,7.5,2023-12-20,MIL
James Iii Webb,7.5,2023-12-21,TEL
Roman Sorkin,7.5,2023-12-21,TEL
Lorenzo Brown,14.5,2023-12-21,TEL
Bonzie Colson,12.5,2023-12-21,TEL
Josh Nebo,9.5,2023-12-21,TEL
Wade Iv Baldwin,15.5,2023-12-21,TEL
Joel Bolomboy,7.5,2023-12-21,RED
Rokas Giedraitis,8.5,2023-12-21,RED
Adam Hanga,7.5,2023-12-21,RED
Milos Teodosic,11.5,2023-12-21,RED
Nemanja Nedovic,13.5,2023-12-21,RED
Tamir Blatt,7.5,2023-12-21,TEL
Dejan Davidovac,5.5,2023-12-21,RED
Brandon Davies,10.5,2023-12-21,PAM
Chris Jones,12.5,2023-12-21,PAM
Bryant Dunston,5.5,2023-12-21,VIR
Ognjen Dobric,5.5,2023-12-21,VIR
Daniel Hackett,7.5,2023-12-21,VIR
Tornike Shengelia,14.5,2023-12-21,VIR
Isaia Cordinier,8.5,2023-12-21,VIR
Dzanan Musa,10.5,2023-12-21,MAD
Vincent Poirier,8.5,2023-12-21,MAD
Walter Tavares,10.5,2023-12-21,MAD
William James Nunnally,12.5,2023-12-21,PAR
Zach Leday,11.5,2023-12-21,PAR
Alen Smailagic,8.5,2023-12-21,PAR
Kevin Punter,15.5,2023-12-21,PAR
Tadas Sedekerskis,9.5,2023-12-22,BAS
Markus Howard,17.5,2023-12-22,BAS
Vanja Marinkovic,11.5,2023-12-22,BAS
Elijah Bryant,8.5,2023-12-22,IST
Tomas Dimsa,7.5,2023-12-22,ZAL
Keenan Evans,15.5,2023-12-22,ZAL
Rolands Smits,12.5,2023-12-22,ZAL
Kevarrius Hayes,6.5,2023-12-22,ZAL
Edgaras Ulanovas,7.5,2023-12-22,ZAL
Jan Vesely,10.5,2023-12-22,BAR
Tomas Satoransky,7.5,2023-12-22,BAR
Nikola Kalinic,7.5,2023-12-22,BAR
Rokas Jokubaitis,5.5,2023-12-22,BAR
Nicolas Laprovittola,13.5,2023-12-22,BAR
Laurynas Birutis,5.5,2023-12-22,ZAL
Timothe Luwawu-Cabarrot,12.5,2023-12-22,ASV
Paris Lee,8.5,2023-12-22,ASV
Joffrey Lauvergne,11.5,2023-12-22,ASV
Nikola Milutinov,9.5,2023-12-22,OLY
Alec Peters,12.5,2023-12-22,OLY
Isaiah Canaan,10.5,2023-12-22,OLY
Thomas Walkup,8.5,2023-12-22,OLY
Kostas Papanikolaou,7.5,2023-12-22,OLY
Moustapha Fall,8.5,2023-12-22,OLY
Giannoulis Larentzakis,6.5,2023-12-22,OLY
Gabriele Procida,9.5,2023-12-22,BER
Yanni Wetzell,7.5,2023-12-22,BER
Tyler Dorsey,11.5,2023-12-22,ULK
Nigel Hayes,12.5,2023-12-22,ULK
Scottie Wilbekin,13.5,2023-12-22,ULK
Johnathan Motley,11.5,2023-12-22,ULK
Marko Guduric,10.5,2023-12-22,ULK
Nick Calathes,5.5,2023-12-22,ULK
Carsen Edwards,11.5,2023-12-22,MUN
Devin Booker,8.5,2023-12-22,MUN
Isaac Bonga,9.5,2023-12-22,MUN
Andreas Obst,8.5,2023-12-22,MUN
John Brown,7.5,2023-12-22,MCO
Elie Okobo,11.5,2023-12-22,MCO
Alpha Diallo,10.5,2023-12-22,MCO
Nick Weiler-Babb,7.5,2023-12-22,MUN
Alex Poythress,6.5,2023-12-22,MIL
Johannes Voigtmann,8.5,2023-12-22,MIL
Nicolo Melli,10.5,2023-12-22,MIL
Devon Hall,8.5,2023-12-22,MIL
Shavon Shields,16.5,2023-12-22,MIL
Luca Vildoza,7.5,2023-12-22,PAN
Mathias Lessort,13.5,2023-12-22,PAN
Konstantinos Mitoglou,12.5,2023-12-22,PAN
Kostas Sloukas,11.5,2023-12-22,PAN
Marius Grigonis,10.5,2023-12-22,PAN
Stefano Tonut,5.5,2023-12-22,MIL
Matt Thomas,9.5,2023-12-29,BER
Yanni Wetzell,7.5,2023-12-29,BER
Nigel Williams-Goss,9.5,2023-12-29,OLY
Nikola Milutinov,8.5,2023-12-29,OLY
Alec Peters,12.5,2023-12-29,OLY
Thomas Walkup,8.5,2023-12-29,OLY
Moustapha Fall,7.5,2023-12-29,OLY
Kostas Papanikolaou,7.5,2023-12-29,OLY
John Brown,7.5,2023-12-29,MCO
Elie Okobo,12.5,2023-12-29,MCO
Alpha Diallo,10.5,2023-12-29,MCO
Mike James,18.5,2023-12-29,MCO
Donatas Motiejunas,7.5,2023-12-29,MCO
Jan Vesely,10.5,2023-12-29,BAR
Tomas Satoransky,8.5,2023-12-29,BAR
Nikola Kalinic,7.5,2023-12-29,BAR
Rokas Jokubaitis,5.5,2023-12-29,BAR
Nicolas Laprovittola,13.5,2023-12-29,BAR
Nigel Hayes,12.5,2024-01-02,ULK
Nick Calathes,7.5,2024-01-02,ULK
Scottie Wilbekin,13.5,2024-01-02,ULK
Johnathan Motley,10.5,2024-01-02,ULK
Joel Bolomboy,10.5,2024-01-02,RED
Rokas Giedraitis,9.5,2024-01-02,RED
Milos Teodosic,11.5,2024-01-02,RED
Nemanja Nedovic,12.5,2024-01-02,RED
Keenan Evans,15.5,2024-01-02,ZAL
Rolands Smits,11.5,2024-01-02,ZAL
Edgaras Ulanovas,8.5,2024-01-02,ZAL
Yanni Wetzell,7.5,2024-01-02,BER
Tamir Blatt,8.5,2024-01-02,TEL
Roman Sorkin,7.5,2024-01-02,TEL
Lorenzo Brown,15.5,2024-01-02,TEL
John Brown,6.5,2024-01-02,MCO
Elie Okobo,12.5,2024-01-02,MCO
Alpha Diallo,11.5,2024-01-02,MCO
Mike James,18.5,2024-01-02,MCO
Donatas Motiejunas,7.5,2024-01-02,MCO
Nigel Williams-Goss,10.5,2024-01-02,OLY
Alec Peters,14.5,2024-01-02,OLY
Isaiah Canaan,11.5,2024-01-02,OLY
Moustapha Fall,8.5,2024-01-02,OLY
Kostas Papanikolaou,6.5,2024-01-02,OLY
Johannes Voigtmann,10.5,2024-01-02,MIL
Nicolo Melli,10.5,2024-01-02,MIL
Perry Jr Dozier,9.5,2024-01-02,PAR
William James Nunnally,12.5,2024-01-02,PAR
Kevin Punter,14.5,2024-01-02,PAR
Timothe Luwawu-Cabarrot,14.5,2024-01-02,ASV
Paris Lee,10.5,2024-01-02,ASV
Joffrey Lauvergne,12.5,2024-01-02,ASV
Kassius Robertson,7.5,2024-01-03,PAM
Semi Ojeleye,11.5,2024-01-03,PAM
Damien Inglis,6.5,2024-01-03,PAM
Brandon Davies,11.5,2024-01-03,PAM
Rodrigue Beaubois,10.5,2024-01-03,IST
Darius Thompson,11.5,2024-01-03,IST
Elijah Bryant,8.5,2024-01-03,IST
Tadas Sedekerskis,9.5,2024-01-03,BAS
Codi Miller-Mcintyre,8.5,2024-01-03,BAS
Markus Howard,17.5,2024-01-03,BAS
Vanja Marinkovic,10.5,2024-01-03,BAS
Jerian Grant,8.5,2024-01-03,PAN
Mathias Lessort,13.5,2024-01-03,PAN
Konstantinos Mitoglou,12.5,2024-01-03,PAN
Marius Grigonis,9.5,2024-01-03,PAN
Iffe Lundberg,8.5,2024-01-03,VIR
Daniel Hackett,8.5,2024-01-03,VIR
Tornike Shengelia,14.5,2024-01-03,VIR
Isaia Cordinier,8.5,2024-01-03,VIR
Carsen Edwards,11.5,2024-01-03,MUN
Devin Booker,9.5,2024-01-03,MUN
Sylvain Francisco,10.5,2024-01-03,MUN
Serge Ibaka,11.5,2024-01-03,MUN
Andreas Obst,8.5,2024-01-03,MUN
Willy Hernangomez,10.5,2024-01-03,BAR
Jan Vesely,10.5,2024-01-03,BAR
Tomas Satoransky,7.5,2024-01-03,BAR
Nikola Kalinic,8.5,2024-01-03,BAR
Facundo Campazzo,11.5,2024-01-03,MAD
Sergio Llull,8.5,2024-01-03,MAD
Dzanan Musa,11.5,2024-01-03,MAD
Mario Hezonja,11.5,2024-01-03,MAD
Walter Tavares,11.5,2024-01-03,MAD
Matt Thomas,9.5,2024-01-05,BER
Matteo Spagnolo,8.5,2024-01-05,BER
Yanni Wetzell,7.5,2024-01-05,BER
Sterling Brown,11.5,2024-01-05,BER
Iffe Lundberg,8.5,2024-01-05,VIR
Daniel Hackett,9.5,2024-01-05,VIR
Tornike Shengelia,15.5,2024-01-05,VIR
Isaia Cordinier,8.5,2024-01-05,VIR
Marco Belinelli,14.5,2024-01-05,VIR
Willy Hernangomez,9.5,2024-01-05,BAR
Jan Vesely,11.5,2024-01-05,BAR
Nikola Kalinic,8.5,2024-01-05,BAR
Nicolas Laprovittola,13.5,2024-01-05,BAR
Tadas Sedekerskis,9.5,2024-01-05,BAS
Chima Moneke,14.5,2024-01-05,BAS
Codi Miller-Mcintyre,9.5,2024-01-05,BAS
Markus Howard,15.5,2024-01-05,BAS
Shabazz Napier,14.5,2024-01-05,MIL
Diego Flaccadori,8.5,2024-01-05,MIL
Stefano Tonut,7.5,2024-01-05,MIL
Nicolo Melli,9.5,2024-01-05,MIL
Devon Hall,7.5,2024-01-05,MIL
Carsen Edwards,12.5,2024-01-05,MUN
Devin Booker,8.5,2024-01-05,MUN
Sylvain Francisco,10.5,2024-01-05,MUN
Andreas Obst,8.5,2024-01-05,MUN
Damien Inglis,8.5,2024-01-05,PAM
Brandon Davies,12.5,2024-01-05,PAM
Jared Harper,9.5,2024-01-05,PAM
Chris Jones,13.5,2024-01-05,PAM
Jerian Grant,8.5,2024-01-05,PAN
Kendrick Nunn,16.5,2024-01-05,PAN
Konstantinos Mitoglou,12.5,2024-01-05,PAN
Marius Grigonis,10.5,2024-01-05,PAN
Facundo Campazzo,10.5,2024-01-05,MAD
Dzanan Musa,11.5,2024-01-05,MAD
Mario Hezonja,12.5,2024-01-05,MAD
Rodrigue Beaubois,9.5,2024-01-05,IST
Darius Thompson,12.5,2024-01-05,IST
Elijah Bryant,8.5,2024-01-05,IST
Tibor Pleiss,8.5,2024-01-05,IST
Tyler Dorsey,10.5,2024-01-09,ULK
Nigel Hayes,13.5,2024-01-09,ULK
Nick Calathes,6.5,2024-01-09,ULK
Scottie Wilbekin,13.5,2024-01-09,ULK
Johnathan Motley,11.5,2024-01-09,ULK
Perry Jr Dozier,9.5,2024-01-09,PAR
Frank Kaminsky,7.5,2024-01-09,PAR
William James Nunnally,11.5,2024-01-09,PAR
Kevin Punter,14.5,2024-01-09,PAR
John Brown,7.5,2024-01-09,MCO
Alpha Diallo,11.5,2024-01-09,MCO
Mike James,18.5,2024-01-09,MCO
Donatas Motiejunas,7.5,2024-01-09,MCO
Tadas Sedekerskis,9.5,2024-01-09,BAS
Chima Moneke,13.5,2024-01-09,BAS
Codi Miller-Mcintyre,8.5,2024-01-09,BAS
Markus Howard,17.5,2024-01-09,BAS
Vanja Marinkovic,10.5,2024-01-09,BAS
Carsen Edwards,11.5,2024-01-09,MUN
Devin Booker,7.5,2024-01-09,MUN
Sylvain Francisco,9.5,2024-01-09,MUN
Serge Ibaka,12.5,2024-01-09,MUN
Andreas Obst,8.5,2024-01-09,MUN
Facundo Campazzo,11.5,2024-01-09,MAD
Sergio Llull,7.5,2024-01-09,MAD
Dzanan Musa,12.5,2024-01-09,MAD
Mario Hezonja,12.5,2024-01-09,MAD
Walter Tavares,11.5,2024-01-09,MAD
Jerian Grant,9.5,2024-01-09,PAN
Kendrick Nunn,13.5,2024-01-09,PAN
Konstantinos Mitoglou,11.5,2024-01-09,PAN
Rodrigue Beaubois,10.5,2024-01-09,IST
Shane Larkin,18.5,2024-01-09,IST
Darius Thompson,12.5,2024-01-09,IST
Dan Oturu,10.5,2024-01-09,IST
Elijah Bryant,9.5,2024-01-09,IST
Mike Scott,10.5,2024-01-09,ASV
Timothe Luwawu-Cabarrot,15.5,2024-01-09,ASV
Paris Lee,11.5,2024-01-09,ASV
Joffrey Lauvergne,12.5,2024-01-09,ASV
Youssoupha Fall,8.5,2024-01-09,ASV
Adam Hanga,8.5,2024-01-09,RED
Nemanja Nedovic,12.5,2024-01-09,RED
Shabazz Napier,13.5,2024-01-09,MIL
Diego Flaccadori,7.5,2024-01-09,MIL
Johannes Voigtmann,8.5,2024-01-09,MIL
Nicolo Melli,9.5,2024-01-09,MIL
Devon Hall,8.5,2024-01-09,MIL
Matt Thomas,8.5,2024-01-09,BER
Matteo Spagnolo,7.5,2024-01-09,BER
Yanni Wetzell,7.5,2024-01-09,BER
Sterling Brown,11.5,2024-01-09,BER
Semi Ojeleye,12.5,2024-01-09,PAM
Damien Inglis,7.5,2024-01-09,PAM
Brandon Davies,11.5,2024-01-09,PAM
Chris Jones,12.5,2024-01-09,PAM
Lukas Lekavicius,8.5,2024-01-09,ZAL
Tomas Dimsa,8.5,2024-01-09,ZAL
Keenan Evans,14.5,2024-01-09,ZAL
Rolands Smits,11.5,2024-01-09,ZAL
Edgaras Ulanovas,7.5,2024-01-09,ZAL
Willy Hernangomez,10.5,2024-01-10,BAR
Jabari Parker,9.5,2024-01-10,BAR
Jan Vesely,12.5,2024-01-10,BAR
Tomas Satoransky,7.5,2024-01-10,BAR
Nikola Kalinic,8.5,2024-01-10,BAR
Nikola Milutinov,8.5,2024-01-10,OLY
Alec Peters,12.5,2024-01-10,OLY
Isaiah Canaan,10.5,2024-01-10,OLY
Thomas Walkup,8.5,2024-01-10,OLY
Moustapha Fall,8.5,2024-01-10,OLY
Shaquielle Mckissic,7.5,2024-01-10,OLY
Kostas Papanikolaou,7.5,2024-01-10,OLY
Roman Sorkin,7.5,2024-01-10,TEL
Lorenzo Brown,13.5,2024-01-10,TEL
Bonzie Colson,12.5,2024-01-10,TEL
Josh Nebo,8.5,2024-01-10,TEL
Wade Iv Baldwin,13.5,2024-01-10,TEL
Iffe Lundberg,8.5,2024-01-10,VIR
Tornike Shengelia,14.5,2024-01-10,VIR
Isaia Cordinier,8.5,2024-01-10,VIR
Marco Belinelli,14.5,2024-01-10,VIR
Rodrigue Beaubois,10.5,2024-01-12,IST
Shane Larkin,17.5,2024-01-12,IST
Darius Thompson,11.5,2024-01-12,IST
Elijah Bryant,9.5,2024-01-12,IST
Tibor Pleiss,10.5,2024-01-12,IST
Daniel Hackett,8.5,2024-01-12,VIR
Tornike Shengelia,14.5,2024-01-12,VIR
Isaia Cordinier,8.5,2024-01-12,VIR
Marco Belinelli,13.5,2024-01-12,VIR
Willy Hernangomez,11.5,2024-01-12,BAR
Jabari Parker,10.5,2024-01-12,BAR
Tomas Satoransky,8.5,2024-01-12,BAR
Nikola Kalinic,9.5,2024-01-12,BAR
Keenan Evans,15.5,2024-01-12,ZAL
Rolands Smits,10.5,2024-01-12,ZAL
Edgaras Ulanovas,8.5,2024-01-12,ZAL
Perry Jr Dozier,7.5,2024-01-12,PAR
William James Nunnally,12.5,2024-01-12,PAR
Zach Leday,9.5,2024-01-12,PAR
Kevin Punter,15.5,2024-01-12,PAR
Roman Sorkin,7.5,2024-01-12,TEL
Lorenzo Brown,12.5,2024-01-12,TEL
Bonzie Colson,11.5,2024-01-12,TEL
Josh Nebo,8.5,2024-01-12,TEL
Wade Iv Baldwin,14.5,2024-01-12,TEL
Tadas Sedekerskis,9.5,2024-01-12,BAS
Codi Miller-Mcintyre,8.5,2024-01-12,BAS
Vanja Marinkovic,9.5,2024-01-12,BAS
Nikola Milutinov,8.5,2024-01-12,OLY
Alec Peters,13.5,2024-01-12,OLY
Isaiah Canaan,10.5,2024-01-12,OLY
Thomas Walkup,8.5,2024-01-12,OLY
Moustapha Fall,8.5,2024-01-12,OLY
Kostas Papanikolaou,6.5,2024-01-12,OLY
Mike Scott,10.5,2024-01-12,ASV
Timothe Luwawu-Cabarrot,14.5,2024-01-12,ASV
Paris Lee,11.5,2024-01-12,ASV
Joffrey Lauvergne,11.5,2024-01-12,ASV
Matteo Spagnolo,7.5,2024-01-12,BER
Gabriele Procida,8.5,2024-01-12,BER
Yanni Wetzell,8.5,2024-01-12,BER
Sterling Brown,12.5,2024-01-12,BER
Laurynas Birutis,8.5,2024-01-19,ZAL
Keenan Evans,15.5,2024-01-19,ZAL
Edgaras Ulanovas,7.5,2024-01-19,ZAL
Tyler Dorsey,11.5,2024-01-19,ULK
Nick Calathes,6.5,2024-01-19,ULK
Scottie Wilbekin,14.5,2024-01-19,ULK
Johnathan Motley,11.5,2024-01-19,ULK
Tomas Dimsa,6.5,2024-01-19,ZAL
Marko Guduric,9.5,2024-01-19,ULK
Jordan Loyd,10.5,2024-01-19,MCO
Alpha Diallo,10.5,2024-01-19,MCO
Mike James,17.5,2024-01-19,MCO
Donatas Motiejunas,7.5,2024-01-19,MCO
Facundo Campazzo,12.5,2024-01-19,MAD
Mario Hezonja,11.5,2024-01-19,MAD
Vincent Poirier,9.5,2024-01-19,MAD
Guerschon Yabusele,8.5,2024-01-19,MAD
Jerian Grant,8.5,2024-01-19,PAN
Mathias Lessort,14.5,2024-01-19,PAN
Konstantinos Mitoglou,11.5,2024-01-19,PAN
Kostas Sloukas,11.5,2024-01-19,PAN
Marius Grigonis,9.5,2024-01-19,PAN
Perry Jr Dozier,10.5,2024-01-19,PAR
Bruno Caboclo,11.5,2024-01-19,PAR
Danilo Andusic,5.5,2024-01-19,PAR
William James Nunnally,12.5,2024-01-19,PAR
Zach Leday,10.5,2024-01-19,PAR
Alen Smailagic,7.5,2024-01-19,PAR
Jaleen Smith,6.5,2024-01-19,PAR
Semi Ojeleye,11.5,2024-01-19,PAM
Damien Inglis,7.5,2024-01-19,PAM
Jared Harper,9.5,2024-01-19,PAM
Chris Jones,12.5,2024-01-19,PAM
Nicolo Melli,9.5,2024-01-19,MIL
Devon Hall,8.5,2024-01-19,MIL
Johannes Voigtmann,6.5,2024-01-19,MIL
Kyle Hines,5.5,2024-01-19,MIL
Nick Calathes,6.5,2024-01-25,ULK
Scottie Wilbekin,14.5,2024-01-25,ULK
Marko Guduric,10.5,2024-01-25,ULK
Bryant Dunston,5.5,2024-01-25,VIR
Jordan Mickey,9.5,2024-01-25,VIR
Iffe Lundberg,8.5,2024-01-25,VIR
Daniel Hackett,9.5,2024-01-25,VIR
Matt Thomas,8.5,2024-01-25,BER
Matteo Spagnolo,8.5,2024-01-25,BER
Gabriele Procida,9.5,2024-01-25,BER
Sterling Brown,12.5,2024-01-25,BER
Dejan Davidovac,5.5,2024-01-25,RED
Joel Bolomboy,9.5,2024-01-25,RED
Yago Santos Dos,12.5,2024-01-25,RED
Rokas Giedraitis,12.5,2024-01-25,RED
Adam Hanga,8.5,2024-01-25,RED
Roman Sorkin,7.5,2024-01-25,TEL
Lorenzo Brown,12.5,2024-01-25,TEL
Bonzie Colson,11.5,2024-01-25,TEL
Josh Nebo,9.5,2024-01-25,TEL
Wade Iv Baldwin,16.5,2024-01-25,TEL
Jerian Grant,11.5,2024-01-25,PAN
Mathias Lessort,14.5,2024-01-25,PAN
Konstantinos Mitoglou,12.5,2024-01-25,PAN
Marius Grigonis,10.5,2024-01-25,PAN
Carsen Edwards,12.5,2024-01-25,MUN
Devin Booker,8.5,2024-01-25,MUN
Sylvain Francisco,11.5,2024-01-25,MUN
Leandro Bolmaro,8.5,2024-01-25,MUN
Andreas Obst,8.5,2024-01-25,MUN
Nick Weiler-Babb,5.5,2024-01-25,MUN
Vladimir Lucic,6.5,2024-01-25,MUN
Mike Scott,7.5,2024-01-25,ASV
Paris Lee,12.5,2024-01-25,ASV
Joffrey Lauvergne,10.5,2024-01-25,ASV
Facundo Campazzo,11.5,2024-01-25,MAD
Dzanan Musa,12.5,2024-01-25,MAD
Mario Hezonja,11.5,2024-01-25,MAD
Vincent Poirier,12.5,2024-01-25,MAD
Gabriel Deck,9.5,2024-01-25,MAD
Fabien Causeur,6.5,2024-01-25,MAD
Filip Petrusev,10.5,2024-01-25,OLY
Alec Peters,14.5,2024-01-25,OLY
Isaiah Canaan,12.5,2024-01-25,OLY
Thomas Walkup,8.5,2024-01-25,OLY
Shaquielle Mckissic,5.5,2024-01-25,OLY
Giannoulis Larentzakis,5.5,2024-01-25,OLY
Kostas Papanikolaou,6.5,2024-01-25,OLY
Rodrigue Beaubois,10.5,2024-01-26,IST
Shane Larkin,16.5,2024-01-26,IST
Derek Willis,8.5,2024-01-26,IST
Darius Thompson,11.5,2024-01-26,IST
Elijah Bryant,9.5,2024-01-26,IST
Jordan Loyd,11.5,2024-01-26,MCO
Alpha Diallo,11.5,2024-01-26,MCO
Mike James,17.5,2024-01-26,MCO
Donatas Motiejunas,8.5,2024-01-26,MCO
Shabazz Napier,13.5,2024-01-26,MIL
Johannes Voigtmann,6.5,2024-01-26,MIL
Nicolo Melli,8.5,2024-01-26,MIL
Devon Hall,8.5,2024-01-26,MIL
Shavon Shields,13.5,2024-01-26,MIL
Willy Hernangomez,11.5,2024-01-26,BAR
Jan Vesely,9.5,2024-01-26,BAR
Tomas Satoransky,8.5,2024-01-26,BAR
Nikola Kalinic,8.5,2024-01-26,BAR
Perry Jr Dozier,11.5,2024-01-26,PAR
William James Nunnally,12.5,2024-01-26,PAR
Zach Leday,9.5,2024-01-26,PAR
Alen Smailagic,7.5,2024-01-26,PAR
Kevin Punter,14.5,2024-01-26,PAR
Laurynas Birutis,9.5,2024-01-26,ZAL
Keenan Evans,15.5,2024-01-26,ZAL
Rolands Smits,11.5,2024-01-26,ZAL
Tadas Sedekerskis,9.5,2024-01-26,BAS
Codi Miller-Mcintyre,7.5,2024-01-26,BAS
Markus Howard,17.5,2024-01-26,BAS
Vanja Marinkovic,10.5,2024-01-26,BAS
Semi Ojeleye,11.5,2024-01-26,PAM
Damien Inglis,8.5,2024-01-26,PAM
Brandon Davies,12.5,2024-01-26,PAM
Jared Harper,9.5,2024-01-26,PAM
Chris Jones,12.5,2024-01-26,PAM
Aleksa Avramovic,5.5,2024-01-26,PAR
Joel Bolomboy,10.5,2024-01-30,RED
Adam Hanga,8.5,2024-01-30,RED
Nemanja Nedovic,11.5,2024-01-30,RED
Semi Ojeleye,12.5,2024-01-30,PAM
Jared Harper,8.5,2024-01-30,PAM
Chris Jones,11.5,2024-01-30,PAM
Mike Scott,9.5,2024-01-30,ASV
Edwin Jackson,6.5,2024-01-30,ASV
Paris Lee,13.5,2024-01-30,ASV
Youssoupha Fall,9.5,2024-01-30,ASV
Tyler Dorsey,10.5,2024-01-30,ULK
Nick Calathes,6.5,2024-01-30,ULK
Scottie Wilbekin,14.5,2024-01-30,ULK
Johnathan Motley,12.5,2024-01-30,ULK
Marko Guduric,10.5,2024-01-30,ULK
Carsen Edwards,13.5,2024-01-30,MUN
Sylvain Francisco,11.5,2024-01-30,MUN
Leandro Bolmaro,7.5,2024-01-30,MUN
Andreas Obst,8.5,2024-01-30,MUN
Vladimir Lucic,7.5,2024-01-30,MUN
Chima Moneke,13.5,2024-01-30,BAS
Codi Miller-Mcintyre,6.5,2024-01-30,BAS
Markus Howard,17.5,2024-01-30,BAS
Vanja Marinkovic,8.5,2024-01-30,BAS
Nigel Williams-Goss,8.5,2024-01-30,OLY
Alec Peters,15.5,2024-01-30,OLY
Isaiah Canaan,12.5,2024-01-30,OLY
Kostas Papanikolaou,8.5,2024-01-30,OLY
Matt Thomas,9.5,2024-01-30,BER
Matteo Spagnolo,6.5,2024-01-30,BER
Gabriele Procida,9.5,2024-01-30,BER
Yanni Wetzell,10.5,2024-01-30,BER
Sterling Brown,11.5,2024-01-30,BER
Facundo Campazzo,12.5,2024-01-30,MAD
Gabriel Deck,11.5,2024-01-30,MAD
Lorenzo Brown,13.5,2024-01-30,TEL
Bonzie Colson,11.5,2024-01-30,TEL
Josh Nebo,9.5,2024-01-30,TEL
Wade Iv Baldwin,15.5,2024-01-30,TEL
Elie Okobo,10.5,2024-01-31,MCO
Jordan Loyd,11.5,2024-01-31,MCO
Alpha Diallo,11.5,2024-01-31,MCO
Mike James,17.5,2024-01-31,MCO
Donatas Motiejunas,8.5,2024-01-31,MCO
Perry Jr Dozier,12.5,2024-01-31,PAR
Bruno Caboclo,9.5,2024-01-31,PAR
William James Nunnally,12.5,2024-01-31,PAR
Zach Leday,10.5,2024-01-31,PAR
Alen Smailagic,7.5,2024-01-31,PAR
Aleksa Avramovic,7.5,2024-01-31,PAR
Kevin Punter,14.5,2024-01-31,PAR
Laurynas Birutis,9.5,2024-01-31,ZAL
Keenan Evans,16.5,2024-01-31,ZAL
Rolands Smits,11.5,2024-01-31,ZAL
Edgaras Ulanovas,7.5,2024-01-31,ZAL
Rodrigue Beaubois,11.5,2024-01-31,IST
Shane Larkin,16.5,2024-01-31,IST
Derek Willis,8.5,2024-01-31,IST
Darius Thompson,11.5,2024-01-31,IST
Elijah Bryant,9.5,2024-01-31,IST
Jerian Grant,10.5,2024-01-31,PAN
Mathias Lessort,13.5,2024-01-31,PAN
Kendrick Nunn,15.5,2024-01-31,PAN
Konstantinos Mitoglou,12.5,2024-01-31,PAN
Marius Grigonis,10.5,2024-01-31,PAN
Nikola Mirotic,13.5,2024-01-31,MIL
Shabazz Napier,11.5,2024-01-31,MIL
Devon Hall,8.5,2024-01-31,MIL
Shavon Shields,15.5,2024-01-31,MIL
Willy Hernangomez,11.5,2024-01-31,BAR
Jabari Parker,11.5,2024-01-31,BAR
Jan Vesely,11.5,2024-01-31,BAR
Tomas Satoransky,7.5,2024-01-31,BAR
Nikola Kalinic,8.5,2024-01-31,BAR
Nicolas Laprovittola,11.5,2024-01-31,BAR
Iffe Lundberg,8.5,2024-01-31,VIR
Daniel Hackett,8.5,2024-01-31,VIR
Isaia Cordinier,9.5,2024-01-31,VIR
Marco Belinelli,13.5,2024-01-31,VIR
Matt Thomas,9.5,2024-02-01,BER
Matteo Spagnolo,7.5,2024-02-01,BER
Gabriele Procida,8.5,2024-02-01,BER
Yanni Wetzell,8.5,2024-02-01,BER
Sterling Brown,11.5,2024-02-01,BER
Semi Ojeleye,11.5,2024-02-01,PAM
Damien Inglis,8.5,2024-02-01,PAM
Jared Harper,8.5,2024-02-01,PAM
Chris Jones,12.5,2024-02-01,PAM
Carsen Edwards,11.5,2024-02-01,MUN
Sylvain Francisco,11.5,2024-02-01,MUN
Leandro Bolmaro,8.5,2024-02-01,MUN
Andreas Obst,8.5,2024-02-01,MUN
Nigel Williams-Goss,10.5,2024-02-01,OLY
Alec Peters,14.5,2024-02-01,OLY
Isaiah Canaan,13.5,2024-02-01,OLY
Thomas Walkup,7.5,2024-02-01,OLY
Chima Moneke,15.5,2024-02-01,BAS
Codi Miller-Mcintyre,8.5,2024-02-01,BAS
Vanja Marinkovic,11.5,2024-02-01,BAS
Roman Sorkin,7.5,2024-02-01,TEL
Lorenzo Brown,13.5,2024-02-01,TEL
Bonzie Colson,13.5,2024-02-01,TEL
Wade Iv Baldwin,16.5,2024-02-01,TEL
Dzanan Musa,13.5,2024-02-01,MAD
Mario Hezonja,11.5,2024-02-01,MAD
Vincent Poirier,11.5,2024-02-01,MAD
Gabriel Deck,9.5,2024-02-01,MAD
Mike Scott,11.5,2024-02-01,ASV
Edwin Jackson,7.5,2024-02-01,ASV
Paris Lee,12.5,2024-02-01,ASV
Youssoupha Fall,9.5,2024-02-01,ASV
Rodrigue Beaubois,10.5,2024-02-02,IST
Tyrique Jones,6.5,2024-02-02,IST
Derek Willis,7.5,2024-02-02,IST
Darius Thompson,10.5,2024-02-02,IST
Will Clyburn,13.5,2024-02-02,IST
Tibor Pleiss,7.5,2024-02-02,IST
Nikola Mirotic,13.5,2024-02-02,MIL
Shabazz Napier,11.5,2024-02-02,MIL
Alex Poythress,6.5,2024-02-02,MIL
Devon Hall,7.5,2024-02-02,MIL
Shavon Shields,14.5,2024-02-02,MIL
Tomas Dimsa,6.5,2024-02-02,ZAL
Arnas Butkevicius,5.5,2024-02-02,ZAL
Brady Manek,8.5,2024-02-02,ZAL
Laurynas Birutis,9.5,2024-02-02,ZAL
Keenan Evans,14.5,2024-02-02,ZAL
Rolands Smits,11.5,2024-02-02,ZAL
Kevarrius Hayes,5.5,2024-02-02,ZAL
Jerian Grant,8.5,2024-02-02,PAN
Kendrick Nunn,15.5,2024-02-02,PAN
Konstantinos Mitoglou,12.5,2024-02-02,PAN
Marius Grigonis,10.5,2024-02-02,PAN
Joel Bolomboy,9.5,2024-02-02,RED
Yago Santos Dos,6.5,2024-02-02,RED
Rokas Giedraitis,10.5,2024-02-02,RED
Adam Hanga,7.5,2024-02-02,RED
Milos Teodosic,8.5,2024-02-02,RED
Nemanja Nedovic,13.5,2024-02-02,RED
Willy Hernangomez,11.5,2024-02-02,BAR
Jabari Parker,11.5,2024-02-02,BAR
Dario Brizuela,5.5,2024-02-02,BAR
Jan Vesely,10.5,2024-02-02,BAR
Tomas Satoransky,6.5,2024-02-02,BAR
Nikola Kalinic,8.5,2024-02-02,BAR
Rokas Jokubaitis,5.5,2024-02-02,BAR
Nicolas Laprovittola,12.5,2024-02-02,BAR
John Brown,6.5,2024-02-02,MCO
Elie Okobo,10.5,2024-02-02,MCO
Jordan Loyd,11.5,2024-02-02,MCO
Alpha Diallo,10.5,2024-02-02,MCO
Mike James,17.5,2024-02-02,MCO
Donatas Motiejunas,7.5,2024-02-02,MCO
Nick Calathes,6.5,2024-02-02,ULK
Scottie Wilbekin,13.5,2024-02-02,ULK
Johnathan Motley,12.5,2024-02-02,ULK
Marko Guduric,9.5,2024-02-02,ULK
Jordan Mickey,9.5,2024-02-02,VIR
Iffe Lundberg,9.5,2024-02-02,VIR
Daniel Hackett,8.5,2024-02-02,VIR
Isaia Cordinier,9.5,2024-02-02,VIR
Marco Belinelli,13.5,2024-02-02,VIR
Perry Jr Dozier,10.5,2024-02-02,PAR
Bruno Caboclo,8.5,2024-02-02,PAR
Frank Kaminsky,9.5,2024-02-02,PAR
William James Nunnally,11.5,2024-02-02,PAR
Alen Smailagic,6.5,2024-02-02,PAR
Kevin Punter,15.5,2024-02-02,PAR
Rokas Giedraitis,10.5,2024-02-09,RED
Laurynas Birutis,9.5,2024-02-09,ZAL
Keenan Evans,15.5,2024-02-09,ZAL
Rolands Smits,10.5,2024-02-09,ZAL
Edgaras Ulanovas,8.5,2024-02-09,ZAL
Adam Hanga,7.5,2024-02-09,RED
Jerian Grant,8.5,2024-02-09,PAN
Konstantinos Mitoglou,12.5,2024-02-09,PAN
Marius Grigonis,10.5,2024-02-09,PAN
Nigel Hayes,11.5,2024-02-09,ULK
Nick Calathes,6.5,2024-02-09,ULK
Scottie Wilbekin,13.5,2024-02-09,ULK
Johnathan Motley,11.5,2024-02-09,ULK
Marko Guduric,8.5,2024-02-09,ULK
Willy Hernangomez,11.5,2024-02-09,BAR
Dario Brizuela,7.5,2024-02-09,BAR
Jan Vesely,11.5,2024-02-09,BAR
Nikola Kalinic,8.5,2024-02-09,BAR
Nicolas Laprovittola,12.5,2024-02-09,BAR
Matt Thomas,9.5,2024-02-09,BER
Matteo Spagnolo,7.5,2024-02-09,BER
Gabriele Procida,8.5,2024-02-09,BER
Yanni Wetzell,7.5,2024-02-09,BER
Iffe Lundberg,10.5,2024-02-09,VIR
Daniel Hackett,8.5,2024-02-09,VIR
Tornike Shengelia,11.5,2024-02-09,VIR
Isaia Cordinier,10.5,2024-02-09,VIR
Marco Belinelli,13.5,2024-02-09,VIR
John Brown,6.5,2024-02-09,MCO
Elie Okobo,11.5,2024-02-09,MCO
Jordan Loyd,10.5,2024-02-09,MCO
Alpha Diallo,10.5,2024-02-09,MCO
Mike James,18.5,2024-02-09,MCO
Donatas Motiejunas,7.5,2024-02-09,MCO
Yanni Wetzell,8.5,2024-02-29,BER
Jasiel Rivero,8.5,2024-02-29,TEL
Lorenzo Brown,13.5,2024-02-29,TEL
Bonzie Colson,12.5,2024-02-29,TEL
Josh Nebo,9.5,2024-02-29,TEL
Wade Iv Baldwin,18.5,2024-02-29,TEL
Zach Leday,9.5,2024-02-29,PAR
Aleksa Avramovic,8.5,2024-02-29,PAR
Kevin Punter,16.5,2024-02-29,PAR
Rodrigue Beaubois,10.5,2024-02-29,IST
Shane Larkin,16.5,2024-02-29,IST
Darius Thompson,10.5,2024-02-29,IST
Will Clyburn,11.5,2024-02-29,IST
Iffe Lundberg,9.5,2024-02-29,VIR
Daniel Hackett,7.5,2024-02-29,VIR
Tornike Shengelia,13.5,2024-02-29,VIR
Isaia Cordinier,9.5,2024-02-29,VIR
Marco Belinelli,14.5,2024-02-29,VIR
Damien Inglis,7.5,2024-02-29,PAM
Brandon Davies,12.5,2024-02-29,PAM
Jared Harper,7.5,2024-02-29,PAM
Chris Jones,12.5,2024-02-29,PAM
Bruno Caboclo,7.5,2024-02-29,PAR
Frank Kaminsky,9.5,2024-02-29,PAR
Tibor Pleiss,9.5,2024-02-29,IST
Stefan Jovic,5.5,2024-02-29,PAM
Facundo Campazzo,11.5,2024-02-29,MAD
Dzanan Musa,12.5,2024-02-29,MAD
Mario Hezonja,11.5,2024-02-29,MAD
Gabriel Deck,9.5,2024-02-29,MAD
Guerschon Yabusele,8.5,2024-02-29,MAD
Walter Tavares,10.5,2024-02-29,MAD
Jerian Grant,8.5,2024-02-29,PAN
Mathias Lessort,12.5,2024-02-29,PAN
Kendrick Nunn,16.5,2024-02-29,PAN
Konstantinos Mitoglou,11.5,2024-02-29,PAN
Kostas Sloukas,8.5,2024-02-29,PAN
Marius Grigonis,9.5,2024-02-29,PAN
Nigel Hayes,11.5,2024-03-01,ULK
Nick Calathes,8.5,2024-03-01,ULK
Scottie Wilbekin,13.5,2024-03-01,ULK
Johnathan Motley,12.5,2024-03-01,ULK
Marko Guduric,8.5,2024-03-01,ULK
Chima Moneke,13.5,2024-03-01,BAS
Codi Miller-Mcintyre,8.5,2024-03-01,BAS
Markus Howard,17.5,2024-03-01,BAS
Vanja Marinkovic,10.5,2024-03-01,BAS
Brady Manek,8.5,2024-03-01,ZAL
Keenan Evans,16.5,2024-03-01,ZAL
Rolands Smits,10.5,2024-03-01,ZAL
Edgaras Ulanovas,8.5,2024-03-01,ZAL
Alec Peters,12.5,2024-03-01,OLY
Isaiah Canaan,12.5,2024-03-01,OLY
Thomas Walkup,8.5,2024-03-01,OLY
Moustapha Fall,8.5,2024-03-01,OLY
Kostas Papanikolaou,6.5,2024-03-01,OLY
Mike Scott,10.5,2024-03-01,ASV
Timothe Luwawu-Cabarrot,10.5,2024-03-01,ASV
Paris Lee,11.5,2024-03-01,ASV
Joffrey Lauvergne,11.5,2024-03-01,ASV
Nicolo Melli,7.5,2024-03-01,MIL
Devon Hall,7.5,2024-03-01,MIL
Shavon Shields,16.5,2024-03-01,MIL
Jabari Parker,10.5,2024-03-01,BAR
Tomas Satoransky,7.5,2024-03-01,BAR
Nicolas Laprovittola,12.5,2024-03-01,BAR
Elie Okobo,10.5,2024-03-01,MCO
Alpha Diallo,10.5,2024-03-01,MCO
Mike James,18.5,2024-03-01,MCO
Donatas Motiejunas,7.5,2024-03-01,MCO
Carsen Edwards,11.5,2024-03-01,MUN
Devin Booker,7.5,2024-03-01,MUN
Serge Ibaka,12.5,2024-03-01,MUN
Leandro Bolmaro,7.5,2024-03-01,MUN
Andreas Obst,7.5,2024-03-01,MUN
Joel Bolomboy,9.5,2024-03-01,RED
Yago Santos Dos,12.5,2024-03-01,RED
Rokas Giedraitis,10.5,2024-03-01,RED
Nemanja Nedovic,13.5,2024-03-01,RED
Adam Hanga,6.5,2024-03-01,RED
